Title,Time,Description,Source
"Stock Market LIVE Updates: Indices trade flat amid volatility; Tata Steel, JSW Steel top gainers","Tue, 29 Aug 2023 09:01:13 GMT","August 29, 2023 / 03:09 PM ISTMumbai-based pharmaceutical products trader Saroja Pharma Industries India will launch its public issue on August 31.
The issue price has been fixed at Rs 84 per share.
The company intends to raise Rs 9.11 crore from 10,84,800 equity shares, comprising only fresh issue.
Out of this, 54,400 equity shares, worth Rs 45.69 lakh, will be reserved for the market maker.
The company has reserved 50 percent, or 5,15,200 shares, of the net issue of 10,30,400 shares for retail investors and the remaining 50 percent for high net-worth individuals whose application value is above Rs 2 lakh.",https://news.google.com/rss/articles/CBMikwFodHRwczovL3d3dy5tb25leWNvbnRyb2wuY29tL25ld3MvYnVzaW5lc3MvbWFya2V0cy9zdG9jay1tYXJrZXQtbGl2ZS1zZW5zZXgtbmlmdHktNTAtc2hhcmUtcHJpY2UtZ2lmdC1uaWZ0eS1sYXRlc3QtdXBkYXRlcy0yOS0wOC0yMDIzLTExMjc0MDQxLmh0bWzSAZcBaHR0cHM6Ly93d3cubW9uZXljb250cm9sLmNvbS9uZXdzL2J1c2luZXNzL21hcmtldHMvc3RvY2stbWFya2V0LWxpdmUtc2Vuc2V4LW5pZnR5LTUwLXNoYXJlLXByaWNlLWdpZnQtbmlmdHktbGF0ZXN0LXVwZGF0ZXMtMjktMDgtMjAyMy0xMTI3NDA0MS5odG1sL2FtcA?oc=5
"Stock Market LIVE Update: Nifty 50 falls towards 19,300, Nifty Bank at day's low","Tue, 29 Aug 2023 07:50:07 GMT",,https://news.google.com/rss/articles/CBMigwFodHRwczovL3d3dy5jbmJjdHYxOC5jb20vbWFya2V0L3N0b2NrLW1hcmtldC1saXZlLXVwZGF0ZS1hdWctMjktbmlmdHktNTAtc2Vuc2V4LXRvZGF5LW5pZnR5LWJhbmstcmlsLWFkYW5pLWhmY2wtem9tYXRvLTE3NjYwNTcxLmh0bdIBhwFodHRwczovL3d3dy5jbmJjdHYxOC5jb20vbWFya2V0L3N0b2NrLW1hcmtldC1saXZlLXVwZGF0ZS1hdWctMjktbmlmdHktNTAtc2Vuc2V4LXRvZGF5LW5pZnR5LWJhbmstcmlsLWFkYW5pLWhmY2wtem9tYXRvLTE3NjYwNTcxLmh0bS9hbXA?oc=5
"Stock Market LIVE: Sensex marginally up; RIL, HUL, Airtel slip up to 2%","Tue, 29 Aug 2023 09:25:53 GMT",ConfirmationAre you sure you want to Log out from Business Standard,https://news.google.com/rss/articles/CBMijQFodHRwczovL3d3dy5idXNpbmVzcy1zdGFuZGFyZC5jb20vbWFya2V0cy9uZXdzL3N0b2NrLW1hcmtldC1saXZlLXVwZGF0ZXMtc2Vuc2V4LW5pZnR5LXJ1cGVlLWRvbGxhci1maWktZGlpLWdsb2JhbC1tYXJrZXRzLTEyMzA4MjkwMDEwNF8xLmh0bWzSAZEBaHR0cHM6Ly93d3cuYnVzaW5lc3Mtc3RhbmRhcmQuY29tL2FtcC9tYXJrZXRzL25ld3Mvc3RvY2stbWFya2V0LWxpdmUtdXBkYXRlcy1zZW5zZXgtbmlmdHktcnVwZWUtZG9sbGFyLWZpaS1kaWktZ2xvYmFsLW1hcmtldHMtMTIzMDgyOTAwMTA0XzEuaHRtbA?oc=5
Penny stock hits 20% upper circuit after it bags order worth ₹ 20 Cr; Announces capacity expansion,"Tue, 29 Aug 2023 08:55:00 GMT","This Iron & Steel Industrials penny stock hit a 20% upper circuit within the first hour of market open.
A G Universal Ltd (“AGU”) received an order for PVC conduit pipes CAT-6 cable and Flexible Cable worth Rs.
This huge order is scheduled to be executed starting from September 2023 and expected to be completed in 45 days following that.
The company offers mild steel, stainless steel products, PVC conduits of various types.
Disclaimer: Since penny stocks are generally illiquid, even a small increase in volume of buy orders can lead to the stock hitting its upper circuit.",https://news.google.com/rss/articles/CBMif2h0dHBzOi8vdHJhZGVicmFpbnMuaW4vZmVhdHVyZXMvcGVubnktc3RvY2staGl0cy0yMC11cHBlci1jaXJjdWl0LWFmdGVyLWl0LWJhZ3Mtb3JkZXItd29ydGgtMjAtY3ItYW5ub3VuY2VzLWNhcGFjaXR5LWV4cGFuc2lvbi_SAQA?oc=5
Ashish Kacholia portfolio stock Balu Forge hits 52-week high. Rallies 200% in YTD,"Tue, 29 Aug 2023 08:48:50 GMT","Ashish Kacholia portfolio: Balu Forge share price has been under the grip of stock market bulls since early morning deals.
This multibagger stock has delivered to the tune of 200 per cent return to its positional shareholders but it seems that the stock still has some steam left in it.
Balu Forge share price today opened upside and went on to hit intraday high of ₹201 apiece on BSE, which turned out to be its new 52-week high during Tuesday deals.
However, Ashish KAcholia stock witnessed profit booking at 52-week peak and came below ₹200 within an hour of touching this new 52-week peak.
Ashish Kacholia shareholdingAccording to shareholding pattern of Balu Forge Ltd for April to June 2023 quarter, Ashish Kacholia holds 21,65,500 shares of this multibagger stock, which is 2.23 per cent of the total paid up capital of the company.",https://news.google.com/rss/articles/CBMilQFodHRwczovL3d3dy5saXZlbWludC5jb20vbWFya2V0L3N0b2NrLW1hcmtldC1uZXdzL2FzaGlzaC1rYWNob2xpYS1wb3J0Zm9saW8tc3RvY2stYmFsdS1mb3JnZS1oaXRzLTUyLXdlZWstaGlnaC1yYWxsaWVzLTIwMC1pbi15dGQtMTE2OTMyOTg1ODA3MzEuaHRtbNIBmQFodHRwczovL3d3dy5saXZlbWludC5jb20vbWFya2V0L3N0b2NrLW1hcmtldC1uZXdzL2FzaGlzaC1rYWNob2xpYS1wb3J0Zm9saW8tc3RvY2stYmFsdS1mb3JnZS1oaXRzLTUyLXdlZWstaGlnaC1yYWxsaWVzLTIwMC1pbi15dGQvYW1wLTExNjkzMjk4NTgwNzMxLmh0bWw?oc=5
Rs 75 to Rs 475: This stock turned into a multibagger in three years; hit record high last week,"Tue, 29 Aug 2023 02:21:34 GMT","During the period of two years and one year, the stock climbed 40.7% and 22%, respectively.
The biotechnology stock hit a yearly low of Rs 299 on March 28, 2023 and a record high of Rs 514 on August 22, 2023.
ALSO READ: Rs 75 to Rs 475: This stock turned into a multibagger in three years; hit record high last weekIn the last session, Praj Industries shares ended 1.25% higher at Rs 475.60 against the previous close of Rs 469.75 on BSE.
Praj Industries shares have a beta of 0.7, indicating very low volatility in a year.
Praj Industries shares are trading higher than the 20 day, 50 day, 100 day, 150 day, 200 day but lower than the 5 day and 10 day moving averages.",https://news.google.com/rss/articles/CBMiiAFodHRwczovL3d3dy5idXNpbmVzc3RvZGF5LmluL21hcmtldHMvY29tcGFueS1zdG9jay9zdG9yeS9wcmFqLWluZHVzdHJpZXMtc2hhcmVzLXJpc2UtbXVsdGliYWdnZXItcmV0dXJucy1idXktc2VsbC1ob2xkLTM5NjAwMC0yMDIzLTA4LTI50gGMAWh0dHBzOi8vd3d3LmJ1c2luZXNzdG9kYXkuaW4vYW1wL21hcmtldHMvY29tcGFueS1zdG9jay9zdG9yeS9wcmFqLWluZHVzdHJpZXMtc2hhcmVzLXJpc2UtbXVsdGliYWdnZXItcmV0dXJucy1idXktc2VsbC1ob2xkLTM5NjAwMC0yMDIzLTA4LTI5?oc=5
Is Suzlon Energy the Best Wind Energy Stock Right Now?,"Mon, 28 Aug 2023 08:44:34 GMT","HomeViews On NewsAug 28, 2023 - Is Suzlon Energy the Best Wind Energy Stock Right Now?
Is Suzlon Energy the Best Wind Energy Stock Right Now?
Suzlon Energy, a notable player in the renewable energy sector, has garnered significant attention in 2023 due to its remarkable stock performance.
Against the backdrop of a bullish market environment, Suzlon's long-term prospects appear promising.
However, investors should remain cautious and conduct thorough research before making investment decisions, given the inherent risks associated with stock market investments.",https://news.google.com/rss/articles/CBMie2h0dHBzOi8vd3d3LmVxdWl0eW1hc3Rlci5jb20vZGV0YWlsLmFzcD9kYXRlPTA4LzI4LzIwMjMmc3Rvcnk9NCZ0aXRsZT1Jcy1TdXpsb24tRW5lcmd5LXRoZS1CZXN0LVdpbmQtRW5lcmd5LVN0b2NrLVJpZ2h0LU5vd9IBAA?oc=5
Multibagger stock locked in upper circuit; Board likely to announce bonus shares and stock split!,"Tue, 29 Aug 2023 01:40:04 GMT","Multibagger stock locked in upper circuit; Board likely to announce bonus shares and stock split!
From Rs 30 per share to Rs 107.85 per share, the stock gave multibagger returns of 259.5 per cent in just 2 years.
To consider stock split /sub-division of equity shares of the company.
In FY23, the net sales increased by 28.77 per cent to Rs 452 crore and net profit increased by 75 per cent to Rs 14 crore compared to FY22.
From Rs 30 per share to Rs 107.85 per share, the stock gave multibagger returns of 259.5 per cent in just 2 years.",https://news.google.com/rss/articles/CBMijQFodHRwczovL3d3dy5kc2lqLmluL2RzaWphcnRpY2xlZGV0YWlsL211bHRpYmFnZ2VyLXN0b2NrLWxvY2tlZC1pbi11cHBlci1jaXJjdWl0LWJvYXJkLWxpa2VseS10by1hbm5vdW5jZS1ib251cy1zaGFyZXMtYW5kLXN0b2NrLXNwbGl0LTMyODU5LTHSAQA?oc=5
Reliance AGM 2023: Analysts Expect Stock To Fall But Still Find Value,"Mon, 28 Aug 2023 15:37:45 GMT","Reliance Industries Ltd. may be undervalued even as the stock is likely to decline after the annual general meeting, according to analysts.
""This may be the reason behind the fall in stock prices tomorrow,"" he said.
Mayuresh Joshi, head of research at William O'Neil, said that the stock may witness a negative tick tomorrow based on the market's ""sentiment"".
The investors were looking forward to hearing about the strategy, plan, and business model of Jio Financial Services.
Bora advised investors to buy the stock ""on any dip"", as the company continues to grow its oil-to-chemicals business and for its long-term value creation in Jio Financial Services.",https://news.google.com/rss/articles/CBMicWh0dHBzOi8vd3d3LmJxcHJpbWUuY29tL21hcmtldHMvcmVsaWFuY2UtYWdtLTIwMjMtdmFsdWF0aW9uLWFuZC1leHBlY3RhdGlvbnMtZnJvbS10aGUtc3RvY2stYWNjb3JkaW5nLXRvLWFuYWx5c3Rz0gF1aHR0cHM6Ly93d3cuYnFwcmltZS5jb20vYW1wL21hcmtldHMvcmVsaWFuY2UtYWdtLTIwMjMtdmFsdWF0aW9uLWFuZC1leHBlY3RhdGlvbnMtZnJvbS10aGUtc3RvY2stYWNjb3JkaW5nLXRvLWFuYWx5c3Rz?oc=5
"Brokerages maintain RIL stock rating and target price, turn attention to earnings after AGM","Tue, 29 Aug 2023 03:54:05 GMT","RIL had revealed board approvals for Isha Ambani, Akash Ambani, and Anant Ambani to be inducted as non-executive directors.
live bse livense live Volume Todays L/H More ×Several brokerages have maintained their rating and target price on India's most valuable company Reliance Industries Ltd after the annual general meeting (AGM).
Analysts' viewBrokerage firm Jefferies India maintained a buy rating with a target price at Rs 2,950 a share, JM Financials retained its buy rating and target price of Rs 2,900 a share while Kotak Institutional Equities maintained an add rating and kept the target price at Rs 2,600 a share.
Nomura retained its buy rating and kept a target price at Rs 2,925, up from Rs 2,444 a share.
Macquarie Research has maintained its underperform rating and expects a target price at Rs 2,100, down 14.6 percent from current market value.",https://news.google.com/rss/articles/CBMinAFodHRwczovL3d3dy5tb25leWNvbnRyb2wuY29tL25ld3MvYnVzaW5lc3MvZWFybmluZ3MvYnJva2VyYWdlcy1tYWludGFpbi1yaWwtc3RvY2stcmF0aW5nLWFuZC10YXJnZXQtcHJpY2UtdHVybi1hdHRlbnRpb24tdG8tZWFybmluZ3MtYWZ0ZXItYWdtLTExMjc0NzMxLmh0bWzSAaABaHR0cHM6Ly93d3cubW9uZXljb250cm9sLmNvbS9uZXdzL2J1c2luZXNzL2Vhcm5pbmdzL2Jyb2tlcmFnZXMtbWFpbnRhaW4tcmlsLXN0b2NrLXJhdGluZy1hbmQtdGFyZ2V0LXByaWNlLXR1cm4tYXR0ZW50aW9uLXRvLWVhcm5pbmdzLWFmdGVyLWFnbS0xMTI3NDczMS5odG1sL2FtcA?oc=5
RIL stock outlook: Analysts bet on company’s new age technologies focus,"Tue, 29 Aug 2023 08:58:33 GMT","RIL stock is trading lower though the company reiterated aggressive growth plans across various business verticals and unveiled plans on new energy front at the AGM on August 28.
While the street seemed disappointed about the absence of clear timelines regarding the telecom and retail IPOs, RIL plans to setup a battery giga factory by 2026 with its first CBG plant commissioned in Uttar Pradesh.
The retail segment will focus on rapid store expansion and brand partnership/acquisitions to accelerate growth.
Also Read Pyramid Technoplast shares climb nearly 13 pc in debut tradeFor the longer term, however, market analysts believe that the focus on new age technologies might be useful.
We estimate consolidated EPS CAGR of 10.7% for FY23-FY25E and value Refining and petrochemical segment at 7.5x FY25 EV/EBITDA, Digital services at 15x FY25 EV/EBITDA and Retail at 37x FY25 EV/EBITDA.",https://news.google.com/rss/articles/CBMidmh0dHBzOi8vd3d3LmZpbmFuY2lhbGV4cHJlc3MuY29tL21hcmtldC9yaWwtc3RvY2stb3V0bG9vay1hbmFseXN0cy1iZXQtb24tY29tcGFueXMtbmV3LWFnZS10ZWNobm9sb2dpZXMtZm9jdXMtMzIyNjI5OS_SAXtodHRwczovL3d3dy5maW5hbmNpYWxleHByZXNzLmNvbS9tYXJrZXQvcmlsLXN0b2NrLW91dGxvb2stYW5hbHlzdHMtYmV0LW9uLWNvbXBhbnlzLW5ldy1hZ2UtdGVjaG5vbG9naWVzLWZvY3VzLTMyMjYyOTkvbGl0ZS8?oc=5
"Pyramid Technoplast Makes Debut On Stock Exchanges With 12% Premium, Hits Lower Circuit During Intra-Day Trade","Tue, 29 Aug 2023 07:07:15 GMT","New Delhi: Pyramid Technoplast successfully debuted on the stock exchanges, commanding an impressive 11% premium over its initial issue price of Rs 166.
Currently, the stock is trading at Rs 177 on the National Stock Exchange (NSE) and at Rs 175 on the Bombay Stock Exchange (BSE).
Pyramid Technoplast IPO opened for subscription on August 18 to August 22 with 100% book building.
Eventual, IPO price was locked in Rs 166.
In terms of its core business, Pyramid Technoplast is a key player in the industrial packaging domain.",https://news.google.com/rss/articles/CBMimwFodHRwczovL3plZW5ld3MuaW5kaWEuY29tL21hcmtldHMvcHlyYW1pZC10ZWNobm9wbGFzdC1tYWtlcy1kZWJ1dC1vbi1zdG9jay1leGNoYW5nZXMtd2l0aC0xMi1wcmVtaXVtLWhpdHMtbG93ZXItY2lyY3VpdC1kdXJpbmctaW50cmEtZGF5LXRyYWRlLTI2NTUwMjQuaHRtbNIBnwFodHRwczovL3plZW5ld3MuaW5kaWEuY29tL21hcmtldHMvcHlyYW1pZC10ZWNobm9wbGFzdC1tYWtlcy1kZWJ1dC1vbi1zdG9jay1leGNoYW5nZXMtd2l0aC0xMi1wcmVtaXVtLWhpdHMtbG93ZXItY2lyY3VpdC1kdXJpbmctaW50cmEtZGF5LXRyYWRlLTI2NTUwMjQuaHRtbC9hbXA?oc=5
Ashish Kacholia Stock Rally 10% To Hit 52W High On Fundraising Plan,"Tue, 29 Aug 2023 08:33:40 GMT","Ashish Kacholia Stock Rally 10% To Hit 52W High On Fundraising Plan Business oi-Vipul DasBalu Forge Industries Ltd is a small cap company dealing in the capital goods sector.
The stock opened today on the BSE at Rs 187 apiece and rallied over 10% to hit a fresh 52-week-high of Rs 201 during the afternoon deals.
The strong surge in stock price was witnessed after the company announced that it is all set to consider a fundraising plan.
Its EBITDA jumped from Rs 78.13 Mn in Q1 FY23 to Rs 218.97 Mn in Q1 FY24, with margins expanding from 14.80% to 19.48%.
During the April to June 2023 quarter ace investor Ashish Rameshchandra Kacholia held 21,65,500 shares which is 2.23% of the total paid-up capital of the company.",https://news.google.com/rss/articles/CBMib2h0dHBzOi8vd3d3Lmdvb2RyZXR1cm5zLmluL25ld3MvYXNoaXNoLWthY2hvbGlhLXN0b2NrLXJhbGx5LTEwLXRvLWhpdC01MnctaGlnaC1vbi1mdW5kcmFpc2luZy1wbGFuLTEyOTcwNjUuaHRtbNIBd2h0dHBzOi8vd3d3Lmdvb2RyZXR1cm5zLmluL2FtcGh0bWwvbmV3cy9hc2hpc2gta2FjaG9saWEtc3RvY2stcmFsbHktMTAtdG8taGl0LTUydy1oaWdoLW9uLWZ1bmRyYWlzaW5nLXBsYW4tMTI5NzA2NS5odG1s?oc=5
"Read Latest Startup, Tech, Markets, Finance, Science News","Tue, 29 Aug 2023 08:45:00 GMT",Strong roadmap lifts this ‘explosive’ stock but high valuations might spoil the party,https://news.google.com/rss/articles/CBMitQFodHRwczovL3d3dy5idXNpbmVzc2luc2lkZXIuaW4vc3RvY2stbWFya2V0L25ld3Mvc29sYXItaW5kdXN0cmllcy1pcy1hLW1hcmtldC1sZWFkZXItaW4tdGhlLWluZGlhbi1pbmR1c3RyaWFsLWV4cGxvc2l2ZXMtbWFya2V0LXdpdGgtYXJvdW5kLTI1LW1hcmtldC1zaGFyZS9hcnRpY2xlc2hvdy8xMDMxNjgwNDUuY21z0gG5AWh0dHBzOi8vd3d3LmJ1c2luZXNzaW5zaWRlci5pbi9zdG9jay1tYXJrZXQvbmV3cy9zb2xhci1pbmR1c3RyaWVzLWlzLWEtbWFya2V0LWxlYWRlci1pbi10aGUtaW5kaWFuLWluZHVzdHJpYWwtZXhwbG9zaXZlcy1tYXJrZXQtd2l0aC1hcm91bmQtMjUtbWFya2V0LXNoYXJlL2FtcF9hcnRpY2xlc2hvdy8xMDMxNjgwNDUuY21z?oc=5
Day trading guide for today: Six stocks to buy or sell on Tuesday — August 29,"Tue, 29 Aug 2023 03:00:35 GMT","Day trading guide for today: Following rally in global market, Indian stock market ended higher on Monday and snapped two days losing streak.
Day trading guide for stock market todayOn outlook for Nifty today, Nagaraj Shetti, Technical Research Analyst at HDFC Securities said, ""The short term trend of Nifty remains weak.
On outlook for Bank Nifty today, Ashwin Ramani, Derivatives & Technical Analyst at SAMCO Securities said, ""Bank Nifty has formed a morning star pattern on the daily chart and closed marginally above the 50-DEMA at 44,494, up 262 points.
Day trading stocks for todayOn intraday stocks for today, stock market experts — Ganesh Dongre, Senior Manager — Technical Research at Anand Rathi, Rajesh Bhosale, Technical Analyst at Angel One and Pravesh Gour, Senior Technical Analyst at Swastika Investmart — recommended six stocks to buy or sell today.
Rajesh Bhosale's stocks to buy today3] IRCTC: Buy at ₹678, target ₹711, stop loss ₹662.",https://news.google.com/rss/articles/CBMikAFodHRwczovL3d3dy5saXZlbWludC5jb20vbWFya2V0L3N0b2NrLW1hcmtldC1uZXdzL2RheS10cmFkaW5nLWd1aWRlLWZvci10b2RheS1zaXgtc3RvY2tzLXRvLWJ1eS1vci1zZWxsLW9uLXR1ZXNkYXktYXVndXN0LTI5LTExNjkzMjc3NDU0MTczLmh0bWzSAZQBaHR0cHM6Ly93d3cubGl2ZW1pbnQuY29tL21hcmtldC9zdG9jay1tYXJrZXQtbmV3cy9kYXktdHJhZGluZy1ndWlkZS1mb3ItdG9kYXktc2l4LXN0b2Nrcy10by1idXktb3Itc2VsbC1vbi10dWVzZGF5LWF1Z3VzdC0yOS9hbXAtMTE2OTMyNzc0NTQxNzMuaHRtbA?oc=5
Stock Market Today: All You Need To Know Going Into Trade On Aug. 29,"Mon, 28 Aug 2023 23:30:00 GMT","Equity futures for Hong Kong, Japan and Australia pointed to gains on Tuesday after the S&P 500 notched its first back-to-back advance in August.
The indices snapped two days of losses as the Sensex rebounded to the 65,000 level, while the Nifty was trading beyond the 19,300 mark.
Overseas investors remained net sellers of Indian equities on Monday for the second straight day.
Foreign portfolio investors offloaded stocks worth Rs 1,393.25 crore, and domestic institutional investors remained net buyers and mopped up equities worth Rs 1,264 crore, the NSE data showed.
The local currency strengthened 3 paise to close at Rs 82.63 against the U.S. dollar on Monday.",https://news.google.com/rss/articles/CBMiZGh0dHBzOi8vd3d3LmJxcHJpbWUuY29tL21hcmtldHMvc3RvY2stbWFya2V0LXRvZGF5LWFsbC15b3UtbmVlZC10by1rbm93LWdvaW5nLWludG8tdHJhZGUtb24tYXVnLTI5LTLSAWhodHRwczovL3d3dy5icXByaW1lLmNvbS9hbXAvbWFya2V0cy9zdG9jay1tYXJrZXQtdG9kYXktYWxsLXlvdS1uZWVkLXRvLWtub3ctZ29pbmctaW50by10cmFkZS1vbi1hdWctMjktMg?oc=5
Stock Market Highlights: Nifty forms Doji candle ahead of weekly expiry. What traders should do on Thursday,"Wed, 23 Aug 2023 14:50:00 GMT",,https://news.google.com/rss/articles/CBMilAFodHRwczovL2Vjb25vbWljdGltZXMuaW5kaWF0aW1lcy5jb20vbWFya2V0cy9zdG9ja3MvbGl2ZS1ibG9nL2JzZS1zZW5zZXgtdG9kYXktbGl2ZS1uaWZ0eS1zdG9jay1tYXJrZXQtdXBkYXRlcy0yMy1hdWd1c3QtMjAyMy9saXZlYmxvZy8xMDI5NjA3MDEuY21z0gGYAWh0dHBzOi8vZWNvbm9taWN0aW1lcy5pbmRpYXRpbWVzLmNvbS9tYXJrZXRzL3N0b2Nrcy9saXZlLWJsb2cvYnNlLXNlbnNleC10b2RheS1saXZlLW5pZnR5LXN0b2NrLW1hcmtldC11cGRhdGVzLTIzLWF1Z3VzdC0yMDIzL2FtcF9saXZlYmxvZy8xMDI5NjA3MDEuY21z?oc=5
Stock Market Today: Top 10 things to know before the market opens,"Tue, 29 Aug 2023 01:45:03 GMT","The BSE Sensex gained 110 points to close the previous session at 64,996 points, while the Nifty50 closed 40 points higher at 19,306 points, trading near its 200-day moving average of 19,517 points and trying to sustain the ongoing momentum.
GIFT NiftyThe GIFT Nifty indicates a marginally negative start for the broader index with a loss of 6 points after the Nifty closed 40 points higher at 19,306 points on August 28.
GIFT Nifty futures stood at 19,366 points.
The Dow finished more than 200 points higher, which equates to a gain of about 0.6 percent.
The company has reserved 2.36 lakh shares for the market maker, of the 46.52 lakh shares issue.",https://news.google.com/rss/articles/CBMihQFodHRwczovL3d3dy5tb25leWNvbnRyb2wuY29tL25ld3MvYnVzaW5lc3MvbWFya2V0cy9zdG9jay1tYXJrZXQtdG9kYXktdG9wLTEwLXRoaW5ncy10by1rbm93LWJlZm9yZS10aGUtbWFya2V0LW9wZW5zLTExOC0xMTI2Njk4MS5odG1s0gGJAWh0dHBzOi8vd3d3Lm1vbmV5Y29udHJvbC5jb20vbmV3cy9idXNpbmVzcy9tYXJrZXRzL3N0b2NrLW1hcmtldC10b2RheS10b3AtMTAtdGhpbmdzLXRvLWtub3ctYmVmb3JlLXRoZS1tYXJrZXQtb3BlbnMtMTE4LTExMjY2OTgxLmh0bWwvYW1w?oc=5
"Sensex Today Live: Share Market Live Updates: Sensex erases gains, slips into the red; Nifty nears 19,300; RIL, Airtel top drags","Tue, 29 Aug 2023 08:59:00 GMT",,https://news.google.com/rss/articles/CBMilAFodHRwczovL2Vjb25vbWljdGltZXMuaW5kaWF0aW1lcy5jb20vbWFya2V0cy9zdG9ja3MvbGl2ZS1ibG9nL2JzZS1zZW5zZXgtdG9kYXktbGl2ZS1uaWZ0eS1zdG9jay1tYXJrZXQtdXBkYXRlcy0yOS1hdWd1c3QtMjAyMy9saXZlYmxvZy8xMDMxNTE3ODQuY21z0gGYAWh0dHBzOi8vZWNvbm9taWN0aW1lcy5pbmRpYXRpbWVzLmNvbS9tYXJrZXRzL3N0b2Nrcy9saXZlLWJsb2cvYnNlLXNlbnNleC10b2RheS1saXZlLW5pZnR5LXN0b2NrLW1hcmtldC11cGRhdGVzLTI5LWF1Z3VzdC0yMDIzL2FtcF9saXZlYmxvZy8xMDMxNTE3ODQuY21z?oc=5
How stock market investors can make money from intraday trading?,"Tue, 29 Aug 2023 04:45:27 GMT","In the rapidly evolving field of finance, the skill of stock trading carries the assurance of a prosperous future.
One can manage the stock market using the correct methods and knowledge to possibly generate a return on investment.
Introduce yourself to the realm of lucrative stock trading, wherein savvy traders manage the market's ups and downs to reap large profits.
Stock trading is one of the most exciting and rewarding careers you will ever come across.
Many people learn stock trading, but very few have the persistence to reach the level of profitable stock trading.",https://news.google.com/rss/articles/CBMihQFodHRwczovL3d3dy5saXZlbWludC5jb20vbWFya2V0L3N0b2NrLW1hcmtldC1uZXdzL2hvdy1zdG9jay1tYXJrZXQtaW52ZXN0b3JzLWNhbi1tYWtlLW1vbmV5LWZyb20taW50cmFkYXktdHJhZGluZy0xMTY5MzI4MzkyNDgyOS5odG1s0gGJAWh0dHBzOi8vd3d3LmxpdmVtaW50LmNvbS9tYXJrZXQvc3RvY2stbWFya2V0LW5ld3MvaG93LXN0b2NrLW1hcmtldC1pbnZlc3RvcnMtY2FuLW1ha2UtbW9uZXktZnJvbS1pbnRyYWRheS10cmFkaW5nL2FtcC0xMTY5MzI4MzkyNDgyOS5odG1s?oc=5
Stocks to buy this week: Experts suggest these nine technical picks; do you own any?,"Mon, 28 Aug 2023 06:07:27 GMT","Amid prevailing uncertainty in the market, experts suggest betting on stocks that are sound on technical and fundamental parameters.
LtdAsian Paints | Target price: ₹ 3,500 | Stop loss: ₹ 3,100The stock, after a decent correction, consolidated near the ₹3,150 level.
Castrol India | Target price: ₹ 170 | Stop loss: ₹ 135Castrol India has been consolidating in the range of ₹100- 150 for nearly the last three years.
These factors make Sun TV a lucrative buy for a swift upside with a stop loss placed at 570,"" said Bissa.
Chemplast Sanmar | Target price: ₹ 570 | Stop loss: ₹ 490Chemplast has been consolidating in a range for the last few quarters.",https://news.google.com/rss/articles/CBMilwFodHRwczovL3d3dy5saXZlbWludC5jb20vbWFya2V0L3N0b2NrLW1hcmtldC1uZXdzL3N0b2Nrcy10by1idXktdGhpcy13ZWVrLWV4cGVydHMtc3VnZ2VzdC10aGVzZS1uaW5lLXRlY2huaWNhbC1waWNrcy1kby15b3Utb3duLWFueS0xMTY5MzIwMjQ1NzE4Ny5odG1s0gGbAWh0dHBzOi8vd3d3LmxpdmVtaW50LmNvbS9tYXJrZXQvc3RvY2stbWFya2V0LW5ld3Mvc3RvY2tzLXRvLWJ1eS10aGlzLXdlZWstZXhwZXJ0cy1zdWdnZXN0LXRoZXNlLW5pbmUtdGVjaG5pY2FsLXBpY2tzLWRvLXlvdS1vd24tYW55L2FtcC0xMTY5MzIwMjQ1NzE4Ny5odG1s?oc=5
Penny stock below ₹5: Circuit to circuit stock Godha Cabcon hits upper circuit on fifth day in a row,"Tue, 29 Aug 2023 07:22:06 GMT","Penny stock below ₹5: Small-cap stock Godha Cabcon has been in strong uptrend for the last five straight sessions.
This circuit to circuit stock has been finding no seller for the last five days after the small-cap stock under ₹5 informed Indian stock market exchanges about receiving an order worth ₹56.60 crore.
This order underscores our commitment to meeting the diverse and evolving needs of our clients, and we are dedicated to ensuring its successful fulfilment,"" adding, “As part of our standard procurement process, we appreciate Overseas Metal & Alloys pvt.
Timeline for delivery“We understand the importance of timely delivery to overseas Metal & Alloys Pvt.
Circuit to circuit historyOn 22nd August 2023, the small-cap stock was one of the penny stocks below Re 1 shares.",https://news.google.com/rss/articles/CBMiqwFodHRwczovL3d3dy5saXZlbWludC5jb20vbWFya2V0L3N0b2NrLW1hcmtldC1uZXdzL3Blbm55LXN0b2NrLWJlbG93LXJzLTUtY2lyY3VpdC10by1jaXJjdWl0LXN0b2NrLWdvZGhhLWNhYmNvbi1oaXRzLXVwcGVyLWNpcmN1aXQtb24tZmlmdGgtZGF5LWluLWEtcm93LTExNjkzMjkxODcyMzgyLmh0bWzSAa8BaHR0cHM6Ly93d3cubGl2ZW1pbnQuY29tL21hcmtldC9zdG9jay1tYXJrZXQtbmV3cy9wZW5ueS1zdG9jay1iZWxvdy1ycy01LWNpcmN1aXQtdG8tY2lyY3VpdC1zdG9jay1nb2RoYS1jYWJjb24taGl0cy11cHBlci1jaXJjdWl0LW9uLWZpZnRoLWRheS1pbi1hLXJvdy9hbXAtMTE2OTMyOTE4NzIzODIuaHRtbA?oc=5
Sensex Today Live: Stock Market Highlights: Nifty forms Doji candle on RIL AGM day. What traders should do on Tuesday,"Mon, 28 Aug 2023 14:08:00 GMT",,https://news.google.com/rss/articles/CBMilAFodHRwczovL2Vjb25vbWljdGltZXMuaW5kaWF0aW1lcy5jb20vbWFya2V0cy9zdG9ja3MvbGl2ZS1ibG9nL2JzZS1zZW5zZXgtdG9kYXktbGl2ZS1uaWZ0eS1zdG9jay1tYXJrZXQtdXBkYXRlcy0yOC1hdWd1c3QtMjAyMy9saXZlYmxvZy8xMDMxMTQ2MjUuY21z0gGYAWh0dHBzOi8vZWNvbm9taWN0aW1lcy5pbmRpYXRpbWVzLmNvbS9tYXJrZXRzL3N0b2Nrcy9saXZlLWJsb2cvYnNlLXNlbnNleC10b2RheS1saXZlLW5pZnR5LXN0b2NrLW1hcmtldC11cGRhdGVzLTI4LWF1Z3VzdC0yMDIzL2FtcF9saXZlYmxvZy8xMDMxMTQ2MjUuY21z?oc=5
Bonus shares: Multibagger stock Indo US Bio-Tech to trade ex-bonus after 250% rally in YTD,"Tue, 29 Aug 2023 03:48:35 GMT","Bonus shares 2023: Shares of Indo US Bio-Tech Ltd are one of the multibagger stocks that Indian stock market has delivered in 2023.
10 each held by the shareholders of the company as on the Record date subject to approval of the shareholders.""
However, they revised bonus shares record date to 29th August 2023.
In YTD time, this multibagger stock has ascended from around ₹150 to ₹530 per share levels, delivering more than 250 per cent in this time.
In last five years, this multibagger stock has delivered more than 1100 per cent return to its shareholders.",https://news.google.com/rss/articles/CBMipgFodHRwczovL3d3dy5saXZlbWludC5jb20vbWFya2V0L3N0b2NrLW1hcmtldC1uZXdzL2JvbnVzLXNoYXJlLW5ld3MtbXVsdGliYWdnZXItc3RvY2staW5kby11cy1iaW8tdGVjaC1sdGQtdG8tdHJhZGUtZXgtYm9udXMtYWZ0ZXItMjUwLXJhbGx5LWluLXl0ZC0xMTY5MzI4MDQ2NzU2Ny5odG1s0gGqAWh0dHBzOi8vd3d3LmxpdmVtaW50LmNvbS9tYXJrZXQvc3RvY2stbWFya2V0LW5ld3MvYm9udXMtc2hhcmUtbmV3cy1tdWx0aWJhZ2dlci1zdG9jay1pbmRvLXVzLWJpby10ZWNoLWx0ZC10by10cmFkZS1leC1ib251cy1hZnRlci0yNTAtcmFsbHktaW4teXRkL2FtcC0xMTY5MzI4MDQ2NzU2Ny5odG1s?oc=5
Global markets update: US stocks surge ahead of economic data,"Mon, 28 Aug 2023 21:01:56 GMT","The Dow Jones Industrial Average gained 213.08 points, or 0.6% at 34,559.98.The Nasdaq composite added 114.48 points, or 0.8%, at 13,705.13.
Technology stocks rose 1.7%.
The US crude oil benchmark for October delivery rose 27 cents at $80.10 a barrel.
Natural gas for September delivery rose 4 cents at $2.58 per 1,000 cubic feet.
BullionGold for December delivery rose $6.90 at $1,946.80 an ounce.",https://news.google.com/rss/articles/CBMiggFodHRwczovL3d3dy5saXZlbWludC5jb20vbWFya2V0L3N0b2NrLW1hcmtldC1uZXdzL2dsb2JhbC1tYXJrZXRzLXVwZGF0ZS11cy1zdG9ja3Mtc3VyZ2UtYWhlYWQtb2YtZWNvbm9taWMtZGF0YS0xMTY5MzI1NDk1NDM3MS5odG1s0gGGAWh0dHBzOi8vd3d3LmxpdmVtaW50LmNvbS9tYXJrZXQvc3RvY2stbWFya2V0LW5ld3MvZ2xvYmFsLW1hcmtldHMtdXBkYXRlLXVzLXN0b2Nrcy1zdXJnZS1haGVhZC1vZi1lY29ub21pYy1kYXRhL2FtcC0xMTY5MzI1NDk1NDM3MS5odG1s?oc=5
Penny stock under ₹5 jumps 12% on ₹40 crore fund raise buzz. Do you own?,"Mon, 28 Aug 2023 08:14:54 GMT","Penny stock under ₹5: Despite weak sentiments on Dalal Street, Vikas Lifecare shares have been in uptrend since early morning deals on Monday.
The penny stock under ₹5 has informed Indian stock market exchanges that its board of directors have receive proposal for fund raise up to ₹40 crore.
The penny stock under ₹10 went on to add that the fund raise has been proposed via preferential issue and board of directors would consider and approve this fund raise proposal in its board meeting scheduled on 31st August 2023.
Vikas Lifecare newsRecently, Vikas Lifecare Ltd was in news for acquiring substantial stake in MSR Apparels Private Limited — a company which is engaged in the manufacture of all types of textile garments and clothing accessories.
The penny stock under ₹5 is available for trade on both NSE and BSE.",https://news.google.com/rss/articles/CBMirgFodHRwczovL3d3dy5saXZlbWludC5jb20vbWFya2V0L3N0b2NrLW1hcmtldC1uZXdzL3Blbm55LXN0b2NrLXVuZGVyLXJzLTUtc21hbGwtY2FwLXN0b2NrLXZpa2FzLWxpZmVjYXJlLWp1bXBzLTEyLW9uLXJzLTQwLWNyb3JlLWZ1bmQtcmFpc2UtYnV6ei1kby15b3Utb3duLTExNjkzMjEwMDgwMjI2Lmh0bWzSAbIBaHR0cHM6Ly93d3cubGl2ZW1pbnQuY29tL21hcmtldC9zdG9jay1tYXJrZXQtbmV3cy9wZW5ueS1zdG9jay11bmRlci1ycy01LXNtYWxsLWNhcC1zdG9jay12aWthcy1saWZlY2FyZS1qdW1wcy0xMi1vbi1ycy00MC1jcm9yZS1mdW5kLXJhaXNlLWJ1enotZG8teW91LW93bi9hbXAtMTE2OTMyMTAwODAyMjYuaHRtbA?oc=5
Multibagger stock close to life-time high. Share price triples in three years,"Mon, 28 Aug 2023 06:41:27 GMT","Multibagger stock: Shares of Responsive Industries Ltd are one of the multibagger stocks that Indian stock market has delivered in recent years.
In fact, this multibagger stock has doubled shareholders' money in YTD, delivering over 100 per cent return to positional investors.
However, it seems that there is still some steam left in this multibagger stock.
While ascending to intraday high of ₹245.95 apiece levels on NSE, the multibagger stock inch close to life-time high of ₹249.25 per share levels.
Responsive Industries share price historyThis multibagger stock has delivered stellar return to its shareholders in poist-Covid rebound.",https://news.google.com/rss/articles/CBMirQFodHRwczovL3d3dy5saXZlbWludC5jb20vbWFya2V0L3N0b2NrLW1hcmtldC1uZXdzL211bHRpYmFnZ2VyLXN0b2NrLXJlc3BvbnNpdmUtaW5kdXN0cmllcy1jbG9zZS10by1saWZlLXRpbWUtaGlnaC1zaGFyZS10dXJucy10aHJlZS1iYWdnZXItaW4tdGhyZWUteWVhcnMtMTE2OTMyMDQzOTc5NTIuaHRtbNIBsQFodHRwczovL3d3dy5saXZlbWludC5jb20vbWFya2V0L3N0b2NrLW1hcmtldC1uZXdzL211bHRpYmFnZ2VyLXN0b2NrLXJlc3BvbnNpdmUtaW5kdXN0cmllcy1jbG9zZS10by1saWZlLXRpbWUtaGlnaC1zaGFyZS10dXJucy10aHJlZS1iYWdnZXItaW4tdGhyZWUteWVhcnMvYW1wLTExNjkzMjA0Mzk3OTUyLmh0bWw?oc=5
Rs 64 to Rs 839 in three years: This Tata Group stock clocked losses in six of seven quarters,"Mon, 28 Aug 2023 03:11:53 GMT","In the last session, Tejas Networks shares ended at Rs 839.60 on BSE.
Tejas Networks shares have a beta of 1.1, indicating average volatility in a year.
Tejas Networks shares are trading higher than the 20 day, 50 day and 200 day but lower than the 5 day and 10 day moving averages.
Gaurav Bissa, VP, InCred Equities said, ""Tejas Networks has seen consistent upside from Rs 40 levels since 2020.
Abhijeet from Tips2trades said, ""Tejas Networks is slightly bearish on the daily charts with strong resistance at Rs 868.",https://news.google.com/rss/articles/CBMihwFodHRwczovL3d3dy5idXNpbmVzc3RvZGF5LmluL21hcmtldHMvY29tcGFueS1zdG9jay9zdG9yeS90ZWphcy1uZXR3b3Jrcy1zaGFyZXMtcmlzZS1tdWx0aWJhZ2dlci1yZXR1cm5zLWJ1eS1zZWxsLWhvbGQtMzk1ODU0LTIwMjMtMDgtMjjSAYsBaHR0cHM6Ly93d3cuYnVzaW5lc3N0b2RheS5pbi9hbXAvbWFya2V0cy9jb21wYW55LXN0b2NrL3N0b3J5L3RlamFzLW5ldHdvcmtzLXNoYXJlcy1yaXNlLW11bHRpYmFnZ2VyLXJldHVybnMtYnV5LXNlbGwtaG9sZC0zOTU4NTQtMjAyMy0wOC0yOA?oc=5
Reliance Power share price Today Live Updates : Reliance Power Stock Soars on Positive Trading Day,"Tue, 29 Aug 2023 09:37:30 GMT","Share ViaReliance Power share price Today :Reliance Power trading at ₹18.14, up 4.01% from yesterday's ₹17.44 The current price of Reliance Power stock is ₹18.14, which represents a 4.01% increase from the previous trading day.
Share ViaReliance Power share price live: Stock Peers Name Latest Price Change % Change 52W High 52W Low Mkt.
Share ViaReliance Power share price NSE Live :Reliance Power trading at ₹18.22, up 4.47% from yesterday's ₹17.44 The current stock price of Reliance Power is ₹18.22.
Share ViaReliance Power share price live: Stock Peers Name Latest Price Change % Change 52W High 52W Low Mkt.
Share ViaReliance Power share price live: Stock Peers Name Latest Price Change % Change 52W High 52W Low Mkt.",https://news.google.com/rss/articles/CBMicmh0dHBzOi8vd3d3LmxpdmVtaW50LmNvbS9tYXJrZXQvbGl2ZS1ibG9nL3JlbGlhbmNlLXBvd2VyLXNoYXJlLXByaWNlLWxpdmUtYmxvZy1mb3ItMjktYXVnLTIwMjMtMTE2OTMyODcwMDc0MzQuaHRtbNIBdmh0dHBzOi8vd3d3LmxpdmVtaW50LmNvbS9tYXJrZXQvbGl2ZS1ibG9nL3JlbGlhbmNlLXBvd2VyLXNoYXJlLXByaWNlLWxpdmUtYmxvZy1mb3ItMjktYXVnLTIwMjMvYW1wLTExNjkzMjg3MDA3NDM0Lmh0bWw?oc=5
Multibagger stock Gensol Engineering that has surged 3400% in two years hit upper circuit after ₹100 crore order,"Tue, 29 Aug 2023 08:15:44 GMT","However, this is not the first time when this small-cap multibagger stock has delivered whopping return in small time.
Similarly, in last two years, this multibagger stock has risen from around ₹50 to ₹1,747 apiece levels, turning ₹1 lakh of an investor into near ₹35 lakh in this time.
Gensol Engineering newsIn its exchange filing today, Gensol Engineering Ltd informed Indian exchanges that it has received export order worth over ₹101 crore.
In this order, the small-cap company would be exporting to mega solar engineering project for Dubai Government Workshop Warehouse and Dubai Police.
The multibagger stock is available for trade on both NSE and BSE and its market cap is ₹2,152 crore.",https://news.google.com/rss/articles/CBMitwFodHRwczovL3d3dy5saXZlbWludC5jb20vbWFya2V0L3N0b2NrLW1hcmtldC1uZXdzL211bHRpYmFnZ2VyLXN0b2NrLWdlbnNvbC1lbmdpbmVlcmluZy10aGF0LWhhcy1zdXJnZWQtMzQwMC1pbi10d28teWVhcnMtaGl0LXVwcGVyLWNpcmN1aXQtYWZ0ZXItcnMtMTAwLWNyb3JlLW9yZGVyLTExNjkzMjk1ODU0Njc5Lmh0bWzSAbsBaHR0cHM6Ly93d3cubGl2ZW1pbnQuY29tL21hcmtldC9zdG9jay1tYXJrZXQtbmV3cy9tdWx0aWJhZ2dlci1zdG9jay1nZW5zb2wtZW5naW5lZXJpbmctdGhhdC1oYXMtc3VyZ2VkLTM0MDAtaW4tdHdvLXllYXJzLWhpdC11cHBlci1jaXJjdWl0LWFmdGVyLXJzLTEwMC1jcm9yZS1vcmRlci9hbXAtMTE2OTMyOTU4NTQ2NzkuaHRtbA?oc=5
"Breakouts Updates: Uflex Surges Above Second Resistance Level, Indicating Positive Price Breakout","Tue, 29 Aug 2023 08:37:00 GMT",,https://news.google.com/rss/articles/CBMif2h0dHBzOi8vZWNvbm9taWN0aW1lcy5pbmRpYXRpbWVzLmNvbS9tYXJrZXRzL3N0b2Nrcy9zdG9jay1saXZlYmxvZy91ZmxleC1zdG9ja3MtbGl2ZS11cGRhdGVzLTI5LWF1Zy0yMDIzL2xpdmVibG9nLzEwMzE1MzU4MS5jbXPSAYMBaHR0cHM6Ly9lY29ub21pY3RpbWVzLmluZGlhdGltZXMuY29tL21hcmtldHMvc3RvY2tzL3N0b2NrLWxpdmVibG9nL3VmbGV4LXN0b2Nrcy1saXZlLXVwZGF0ZXMtMjktYXVnLTIwMjMvYW1wX2xpdmVibG9nLzEwMzE1MzU4MS5jbXM?oc=5
"Jhunjhunwala stock in focus today on block deal worth Rs 1,312 crore","Tue, 29 Aug 2023 03:04:46 GMT","Shares of Star Health ended flat at Rs 611.55 on BSE in the previous session.
The market cap of Star Health fell to Rs 35,591 crore on BSE.
Star Health stock has a one-year beta of 0.3, indicating very low volatility during the period.
Star Health shares are trading lower than the 5 day, 20 day, 50 day but higher than the 100 day, 150 day and 200 day moving averages.
The shares were sold at an average price of Rs 610.2 apiece, valuing the transaction at Rs 1,312.55 crore.",https://news.google.com/rss/articles/CBMiggFodHRwczovL3d3dy5idXNpbmVzc3RvZGF5LmluL21hcmtldHMvY29tcGFueS1zdG9jay9zdG9yeS9zdGFyLWhlYWx0aC1zaGFyZXMtYmxvY2stZGVhbC1yYWtlc2gtamh1bmpodW53YWxhLXN0YWtlLTM5NjAwNC0yMDIzLTA4LTI50gGGAWh0dHBzOi8vd3d3LmJ1c2luZXNzdG9kYXkuaW4vYW1wL21hcmtldHMvY29tcGFueS1zdG9jay9zdG9yeS9zdGFyLWhlYWx0aC1zaGFyZXMtYmxvY2stZGVhbC1yYWtlc2gtamh1bmpodW53YWxhLXN0YWtlLTM5NjAwNC0yMDIzLTA4LTI5?oc=5
"Federal Bank, IRCTC, Titagarh & Mazagon Dock: Here's what Nilesh Jain of Centrum Broking says on these four stocks","Tue, 29 Aug 2023 05:54:31 GMT","Nilesh Jain, AVP - Derivative and Technical Research at Centrum Broking, on Tuesday picked Federal Bank as one of his top picks for the day.
If someone is already holding the stock, then continue to remain long for an upside target of Rs 820-850,"" the market expert mentioned.
Stay put for a long position for an upside target of Rs 1,950-2,000,"" Jain said.
Mid- and small-cap shares were positive as Nifty Midcap 100 climbed 0.34 per cent and small-cap gained 0.65 per cent.
Also read: APL Apollo Tubes shares in focus on report promoters may sell 0.85% stake via blocks deals todayAlso read: Paytm, ITC, Zomato, Axis Bank shares: As foreign inflows fall, here's how FPI favs fared in August",https://news.google.com/rss/articles/CBMitQFodHRwczovL3d3dy5idXNpbmVzc3RvZGF5LmluL21hcmtldHMvc3RvY2stcGlja3Mvc3RvcnkvZmVkZXJhbC1iYW5rLWlyY3RjLXRpdGFnYXJoLW1hemFnb24tZG9jay1oZXJlcy13aGF0LW5pbGVzaC1qYWluLW9mLWNlbnRydW0tYnJva2luZy1zYXlzLW9uLXRoZXNlLWZvdXItc3RvY2tzLTM5NjA1MS0yMDIzLTA4LTI50gG5AWh0dHBzOi8vd3d3LmJ1c2luZXNzdG9kYXkuaW4vYW1wL21hcmtldHMvc3RvY2stcGlja3Mvc3RvcnkvZmVkZXJhbC1iYW5rLWlyY3RjLXRpdGFnYXJoLW1hemFnb24tZG9jay1oZXJlcy13aGF0LW5pbGVzaC1qYWluLW9mLWNlbnRydW0tYnJva2luZy1zYXlzLW9uLXRoZXNlLWZvdXItc3RvY2tzLTM5NjA1MS0yMDIzLTA4LTI5?oc=5
Multibagger stock: 200% in 2 years! Here's why ICICI Securities is betting on Chalet Hotels,"Tue, 29 Aug 2023 03:34:01 GMT","Shares of Chalet Hotels have delivered over 200 per cent in the last two years.
The multibagger stock is up over 40 per cent in the past six months and over 60 per cent in one year.
ICICI Securities believes that Chalet Hotels (Chalet) is well poised to benefit from the strength in demand, especially for premium and luxury hotels in India’s Tier cities.
The brokerage highlighted that the second quarter of FY24 is seasonally the weakest quarter impacted by monsoon.
Further, the Occupation Certificate (OC) for 88 keys in expansion of existing Novotel, Pune is expected in the second quarter of FY24,"" it added.",https://news.google.com/rss/articles/CBMiogFodHRwczovL3d3dy5idXNpbmVzc3RvZGF5LmluL21hcmtldHMvY29tcGFueS1zdG9jay9zdG9yeS9tdWx0aWJhZ2dlci1zdG9jay0yMDAtaW4tMi15ZWFycy1oZXJlcy13aHktaWNpY2ktc2VjdXJpdGllcy1pcy1iZXR0aW5nLW9uLWNoYWxldC1ob3RlbHMtMzk2MDEwLTIwMjMtMDgtMjnSAaYBaHR0cHM6Ly93d3cuYnVzaW5lc3N0b2RheS5pbi9hbXAvbWFya2V0cy9jb21wYW55LXN0b2NrL3N0b3J5L211bHRpYmFnZ2VyLXN0b2NrLTIwMC1pbi0yLXllYXJzLWhlcmVzLXdoeS1pY2ljaS1zZWN1cml0aWVzLWlzLWJldHRpbmctb24tY2hhbGV0LWhvdGVscy0zOTYwMTAtMjAyMy0wOC0yOQ?oc=5
"NCC Share Price Live Updates: NCC Witnesses Marginal Increase in Price, Shows Strong 3-Month Returns","Tue, 29 Aug 2023 08:16:00 GMT",,https://news.google.com/rss/articles/CBMiggFodHRwczovL2Vjb25vbWljdGltZXMuaW5kaWF0aW1lcy5jb20vbWFya2V0cy9zdG9ja3Mvc3RvY2stbGl2ZWJsb2cvbmNjLXNoYXJlLXByaWNlLWxpdmUtdXBkYXRlcy0yOS1hdWctMjAyMy9saXZlYmxvZy8xMDMxNTM5MDAuY21z0gGGAWh0dHBzOi8vZWNvbm9taWN0aW1lcy5pbmRpYXRpbWVzLmNvbS9tYXJrZXRzL3N0b2Nrcy9zdG9jay1saXZlYmxvZy9uY2Mtc2hhcmUtcHJpY2UtbGl2ZS11cGRhdGVzLTI5LWF1Zy0yMDIzL2FtcF9saXZlYmxvZy8xMDMxNTM5MDAuY21z?oc=5
"Piramal Enterprises shares drop 4% but Motilal Oswal sees stock at Rs 1,280","Tue, 29 Aug 2023 05:11:32 GMT","Shares of Piramal Enterprises fell 4 per cent in Tuesday's trade, a day after the NBFC hosted its Investor Day meet.
This implies a retail AUM CAGR of 23 per cent and total AUM CAGR of 15 per cent over FY23-28.
Over the past two years, Motilal Oswal said, Piramal Enterprises has strengthened its balance sheet by running down its wholesale loan book.
Piramal Enterprises has made its wholesale book granular with no exposure over 5 per cent of net-worth.
Besides, Motilal Oswal said Piramal Enterprises has fortified itself against contingencies with ECL provisions at 4.4 per cent of total AUM.",https://news.google.com/rss/articles/CBMilAFodHRwczovL3d3dy5idXNpbmVzc3RvZGF5LmluL21hcmtldHMvY29tcGFueS1zdG9jay9zdG9yeS9waXJhbWFsLWVudGVycHJpc2VzLXNoYXJlcy1kcm9wLTQtYnV0LW1vdGlsYWwtb3N3YWwtc2Vlcy1zdG9jay1hdC1ycy0xMjgwLTM5NjAzMy0yMDIzLTA4LTI50gGYAWh0dHBzOi8vd3d3LmJ1c2luZXNzdG9kYXkuaW4vYW1wL21hcmtldHMvY29tcGFueS1zdG9jay9zdG9yeS9waXJhbWFsLWVudGVycHJpc2VzLXNoYXJlcy1kcm9wLTQtYnV0LW1vdGlsYWwtb3N3YWwtc2Vlcy1zdG9jay1hdC1ycy0xMjgwLTM5NjAzMy0yMDIzLTA4LTI5?oc=5
Bajaj Finance share price Today Live Updates : Bajaj Finance Stock Surges in Positive Trading,"Tue, 29 Aug 2023 09:38:07 GMT","Share ViaBajaj Finance share price NSE Live :Bajaj Finance trading at ₹7263.45, up 0.4% from yesterday's ₹7234.2 The current stock price of Bajaj Finance is ₹7263.45.
Click here for Bajaj Finance Shareholdings Share ViaBajaj Finance share price live: Stock Peers Name Latest Price Change % Change 52W High 52W Low Mkt.
Share ViaBajaj Finance share price Live :Bajaj Finance trading at ₹7265.25, up 0.43% from yesterday's ₹7234.2 The current stock price of Bajaj Finance is ₹7265.25, showing a 0.43% increase.
Click here for Bajaj Finance Board Meetings Share ViaBajaj Finance share price update :Bajaj Finance trading at ₹7239.85, up 0.08% from yesterday's ₹7234.2 As of the latest data, the stock price of Bajaj Finance is ₹7239.85.
Share ViaBajaj Finance share price update :Bajaj Finance trading at ₹7269.05, up 0.48% from yesterday's ₹7234.2 The current price of Bajaj Finance stock is ₹7269.05.",https://news.google.com/rss/articles/CBMicWh0dHBzOi8vd3d3LmxpdmVtaW50LmNvbS9tYXJrZXQvbGl2ZS1ibG9nL2JhamFqLWZpbmFuY2Utc2hhcmUtcHJpY2UtbGl2ZS1ibG9nLWZvci0yOS1hdWctMjAyMy0xMTY5MzI3NzU5Mjk0Ny5odG1s0gF1aHR0cHM6Ly93d3cubGl2ZW1pbnQuY29tL21hcmtldC9saXZlLWJsb2cvYmFqYWotZmluYW5jZS1zaGFyZS1wcmljZS1saXZlLWJsb2ctZm9yLTI5LWF1Zy0yMDIzL2FtcC0xMTY5MzI3NzU5Mjk0Ny5odG1s?oc=5
Icici Bank share price Today Live Updates : ICICI Bank Stock Plummets in Trading Today,"Tue, 29 Aug 2023 09:30:07 GMT","Icici Bank share price NSE Live :Icici Bank trading at ₹966.65, down -0.43% from yesterday's ₹970.85 The current data for ICICI Bank stock shows that the price is ₹966.65.
Share ViaIcici Bank share price Today :Icici Bank trading at ₹967.75, down -0.32% from yesterday's ₹970.85 The current data of ICICI Bank stock shows that the price is ₹967.75.
Share ViaIcici Bank share price NSE Live :Icici Bank trading at ₹970.1, down -0.08% from yesterday's ₹970.85 ICICI Bank stock is currently trading at a price of ₹970.1.
Click here for Icici Bank AGM Share ViaICICI Bank share price live: Today's Price range Today, the low price of ICICI Bank stock was ₹969.4, while the high price reached ₹977.1.
Share ViaIcici Bank share price live: Price Analysis Time Period Price Analysis 1 Week 1.61% 3 Months -1.02% 6 Months 13.33% YTD 8.95% 1 Year 11.45% Share ViaIcici Bank share price Today :Icici Bank trading at ₹970.85, up 0.04% from yesterday's ₹970.45 ICICI Bank stock is currently trading at a price of ₹970.85.",https://news.google.com/rss/articles/CBMibmh0dHBzOi8vd3d3LmxpdmVtaW50LmNvbS9tYXJrZXQvbGl2ZS1ibG9nL2ljaWNpLWJhbmstc2hhcmUtcHJpY2UtbGl2ZS1ibG9nLWZvci0yOS1hdWctMjAyMy0xMTY5MzI3NzkwOTEyNS5odG1s0gFyaHR0cHM6Ly93d3cubGl2ZW1pbnQuY29tL21hcmtldC9saXZlLWJsb2cvaWNpY2ktYmFuay1zaGFyZS1wcmljZS1saXZlLWJsb2ctZm9yLTI5LWF1Zy0yMDIzL2FtcC0xMTY5MzI3NzkwOTEyNS5odG1s?oc=5
L&T share price Today Live Updates : L&T Stock Surges in Positive Trading Session,"Tue, 29 Aug 2023 09:30:52 GMT","Share ViaL&T share price live: Stock Peers Name Latest Price Change % Change 52W High 52W Low Mkt.
Share ViaL&T share price Live :L&T trading at ₹2705, up 0.39% from yesterday's ₹2694.5 The current price of L&T stock is ₹2705.
Click here for L&T AGM Share ViaL&T share price live: Stock Peers Name Latest Price Change % Change 52W High 52W Low Mkt.
Click here for L&T News Share ViaL&T share price live: Stock Peers Name Latest Price Change % Change 52W High 52W Low Mkt.
Click here for L&T Dividend Share ViaL&T share price live: Stock Peers Name Latest Price Change % Change 52W High 52W Low Mkt.",https://news.google.com/rss/articles/CBMiZmh0dHBzOi8vd3d3LmxpdmVtaW50LmNvbS9tYXJrZXQvbGl2ZS1ibG9nL2x0LXNoYXJlLXByaWNlLWxpdmUtYmxvZy1mb3ItMjktYXVnLTIwMjMtMTE2OTMyNzc4OTI1NDkuaHRtbNIBamh0dHBzOi8vd3d3LmxpdmVtaW50LmNvbS9tYXJrZXQvbGl2ZS1ibG9nL2x0LXNoYXJlLXByaWNlLWxpdmUtYmxvZy1mb3ItMjktYXVnLTIwMjMvYW1wLTExNjkzMjc3ODkyNTQ5Lmh0bWw?oc=5
Stock of this smallcap iron & steel company has zoomed 225% in 2 months,"Tue, 29 Aug 2023 09:13:11 GMT","Moreover in the past two months, it has zoomed 225 per cent.
T group of shares are actively traded at stock exchanges like other shares but with certain restrictions.
""On the other hand, exports have been increasing on a sequential basis from December 2022 onwards, post the withdrawal of the export duty on steel products and iron pellets.
However, the operating profit margins of steel players are expected to remain under pressure in FY24 due to elevated input costs of iron ore and coking coal.
International steel prices are also expected to remain range-bound in the near term,"" Jai Balaji Industries said in FY23 annual report.The company further said the growth prospects and steel industry outlook in India is favourable.",https://news.google.com/rss/articles/CBMihwFodHRwczovL3d3dy5idXNpbmVzcy1zdGFuZGFyZC5jb20vbWFya2V0cy9uZXdzL3N0b2NrLW9mLXRoaXMtc21hbGxjYXAtaXJvbi1zdGVlbC1jb21wYW55LWhhcy16b29tZWQtMjI1LWluLTItbW9udGhzLTEyMzA4MjkwMDUzOF8xLmh0bWzSAQA?oc=5
Bharti Airtel share price Today Live Updates : Bharti Airtel Stocks Plummet in Trading Today,"Tue, 29 Aug 2023 09:33:28 GMT","Share ViaBharti Airtel share price live: Stock Peers Name Latest Price Change % Change 52W High 52W Low Mkt.
Share ViaBharti Airtel share price NSE Live :Bharti Airtel trading at ₹857, down -1.52% from yesterday's ₹870.25 The current stock price of Bharti Airtel is ₹857, representing a decrease of 1.52%.
Share ViaBharti Airtel share price live: Stock Peers Name Latest Price Change % Change 52W High 52W Low Mkt.
Share ViaBharti Airtel share price Today :Bharti Airtel trading at ₹857.3, down -1.49% from yesterday's ₹870.25 The current data of Bharti Airtel stock shows that the stock price is ₹857.3.
Share ViaBharti Airtel share price live: Price Analysis Time Period Price Analysis 1 Week -0.18% 3 Months 2.47% 6 Months 15.6% YTD 7.97% 1 Year 19.09% Share ViaBharti Airtel share price Today :Bharti Airtel trading at ₹869, down -0.5% from yesterday's ₹873.4 The current data of Bharti Airtel stock shows that the price is ₹869.",https://news.google.com/rss/articles/CBMicWh0dHBzOi8vd3d3LmxpdmVtaW50LmNvbS9tYXJrZXQvbGl2ZS1ibG9nL2JoYXJ0aS1haXJ0ZWwtc2hhcmUtcHJpY2UtbGl2ZS1ibG9nLWZvci0yOS1hdWctMjAyMy0xMTY5MzI3NzIyMzU3NS5odG1s0gEA?oc=5
Paytm share price Today Live Updates : Paytm Stock Plunges as Investor Sentiment Turns Bearish,"Tue, 29 Aug 2023 06:35:56 GMT","Paytm share price update :Paytm trading at ₹862.05, down -2.32% from yesterday's ₹882.55 As of the current data, the stock price of Paytm is ₹862.05.
Share ViaPaytm share price live: Stock Peers Name Latest Price Change % Change 52W High 52W Low Mkt.
Share ViaPaytm share price update :Paytm trading at ₹869.55, down -1.47% from yesterday's ₹882.55 As of the current data, the Paytm stock price is ₹869.55.
Share ViaPaytm share price live: Stock Peers Name Latest Price Change % Change 52W High 52W Low Mkt.
Share ViaPaytm share price Live :Paytm closed at ₹899.3 on last trading day On the last day of trading, the BSE volume of Paytm was 316,168 shares.",https://news.google.com/rss/articles/CBMiaWh0dHBzOi8vd3d3LmxpdmVtaW50LmNvbS9tYXJrZXQvbGl2ZS1ibG9nL3BheXRtLXNoYXJlLXByaWNlLWxpdmUtYmxvZy1mb3ItMjktYXVnLTIwMjMtMTE2OTMyNzY3MDAyMjcuaHRtbNIBbWh0dHBzOi8vd3d3LmxpdmVtaW50LmNvbS9tYXJrZXQvbGl2ZS1ibG9nL3BheXRtLXNoYXJlLXByaWNlLWxpdmUtYmxvZy1mb3ItMjktYXVnLTIwMjMvYW1wLTExNjkzMjc2NzAwMjI3Lmh0bWw?oc=5
