Title,Time,Description,Source
"Stock Market LIVE: Sensex up 200 pts, Nifty tests 18300; Adani stocks surge",2023-05-22 07:44:33,"Stocks are primed to drop if the US fails to raise the debt limit and delays government payments.
Adani Ports traded 7.16% higher at ₹737.4, while Adani Power was at ₹248.00, up ₹11.80.
Adani Green Energy Limited traded at ₹942.40, up 5%, and Adani Total Gas was at ₹721.35, also up 5%.
On Friday, the Sensex had risen 298 points to close at 61,729.68, while Nifty rose 73.40 points to 18,203.40.
On Friday, US stocks had ended lower as negotiations to raise the US debt ceiling were put on hold.",https://www.livemint.com/market/live-blog/stock-market-live-indian-indices-may-see-tepid-start-sgx-nifty-asia-down-11684721053094.html
Indices: Stock market update: Nifty Pharma index advances 0.91% in an upbeat market,,"NEW DELHI: The Nifty Pharma index traded positive around 11:11AM(IST)on Monday in an upbeat market.Zydus Lifesciences(up 3.02 per cent), Divis Laboratories(up 2.82 per cent), Abbott India(up 2.59 per cent), Aurobindo Pharma(up 2.23 per cent) and Dr Reddys Laboratories(up 1.64 per cent) were among the top gainers.Gland Pharma(down 15.26 per cent), Glenmark Pharmaceuticals(down 3.89 per cent), Alkem Laboratories(down 1.78 per cent), Sanofi India(down 0.32 per cent) and Pfizer(down 0.12 per cent) were the top losers on the index.The Nifty Pharma index was up 0.91 per cent at 12234.8 at the time of writing this report.Benchmark NSE Nifty50 index was up 98.8 points at 18302.2, while the BSE Sensex was up 211.26 points at 61940.94.Among the 50 stocks in the Nifty index, 36 were trading in the green, while 14 were in the red.Shares of Zomato, PNB, Suzlon Energy Indian Railway Fin and YES Bank were among the most traded shares on the NSE.Shares of Refex Industries Jai Balaji Inds and IZMO hit their fresh 52-week highs in today's trade, while Gland Pharma, Sanwaria Consumer Balaji Amines , Gammon Infra and BKM Industries hit fresh 52-week lows in trade.",https://m.economictimes.com/markets/stocks/stock-watch/stock-market-update-nifty-pharma-index-advances-0-91-in-an-upbeat-market/articleshow/100410690.cms
Why mutual funds matter to your financial well-being,2023-05-22 00:00:00,"Sebi is allowing mutual funds to expense the cost of distribution commission for inflows from B-30 cities to the investor awareness budget.
That allows the mutual fund industry to initiate new people in the mutual funds’ sector.
It is time for you to look at financial markets and make a beginning through mutual funds.
That allows the mutual fund industry to initiate new people in the mutual funds’ sector.
It is time for you to look at financial markets and make a beginning through mutual funds.",https://www.newindianexpress.com/business/2023/may/22/why-mutual-funds-matter-to-your-financial-well-being-2577465.html
Share market update: Most active stocks on D-Street today in terms of volume,,"Experience Your Economic Times Newspaper, The Digital Way!
Monday, 22 May, 2023(What's moving Sensex and Nifty Track latest market news stock tips and expert advice on ETMarkets .
For fastest news alerts on financial markets, investment strategies and stocks alerts, subscribe to our Telegram feeds .)
Download The Economic Times News App to get Daily Market Updates & Live Business News.
Top Trending Stocks: SBI Share Price",https://m.economictimes.com/markets/stocks/stock-watch/share-market-update-most-active-stocks-on-d-street-today-in-terms-of-volume/articleshow/100410353.cms
"Australia, India share stable, secure and prosperous Indo-Pacific: PM Albanese says ahead of Modi's visit",,"Australian Prime Minister Anthony Albanese on Monday said he is ''honoured'' to host Prime Minister Narendra Modi here and underlined that the two countries share a commitment to a stable, secure and prosperous Indo-Pacific.
Prime Minister Albanese also said that he looks forward to celebrating Australia’s vibrant Indian community with Prime Minister Modi in Sydney on Tuesday.
Prime Minister Modi will visit Australia from May 22-24 as a guest of the Australian Government.
“I am honoured to host Prime Minister Modi for an official visit to Australia, after receiving an extremely warm welcome in India earlier this year,'' Albanese said in a statement.
“Australia and India share a commitment to a stable, secure and prosperous Indo-Pacific.",https://www.devdiscourse.com/article/headlines/2460112-australia-india-share-stable-secure-and-prosperous-indo-pacific-pm-albanese-says-ahead-of-modis-visit
FPI buying in Indian shares hits 6-month high in first half of May: NSDL,,"In fact, FPIs bought Indian equities in each of the nine sessions in the first half of May.
The benchmark Nifty 50 jumped 1.85% in the first half of May, as FPI inflows powered the rise in domestic equities.
WHAT FPIs BOUGHT IN MAYAfter selling financial services shares worth 299.93 billion rupees in FY2023, FPIs have shown renewed interest in the sector, buying 83.82 billion rupees in May.
FPIs had bought 76.90 billion rupees in the sector in April.
Automobile, oil and gas, healthcare, and fast moving consumer goods also witnessed buying in May, while information technology saw selling.",https://www.marketscreener.com/quote/stock/GQG-PARTNERS-INC-128506337/news/FPI-buying-in-Indian-shares-hits-6-month-high-in-first-half-of-May-NSDL-43909554/
Indices: Stock market update: Nifty Bank index falls 0.27% in an upbeat market,,"NEW DELHI: The Nifty Bank index traded negative around 10:14AM(IST)on Monday in an upbeat market.Punjab National Bank(up 2.34 per cent), Bandhan Bank(up 0.23 per cent), AU Small Finance Bank(up 0.11 per cent) and State Bank of India(up 0.02 per cent) were among the top gainers.IndusInd Bank(down 1.14 per cent), Bank of Baroda(down 0.91 per cent), IDFCBANK(down 0.75 per cent), Federal Bank(down 0.75 per cent) and Axis Bank(down 0.68 per cent) were the top losers on the index.The Nifty Bank index was down 0.27 per cent at 43849.75 at the time of writing this report.Benchmark NSE Nifty50 index was up 58.4 points at 18261.8, while the BSE Sensex was up 165.26 points at 61894.94.Among the 50 stocks in the Nifty index, 29 were trading in the green, while 21 were in the red.Shares of Zomato, PNB, Suzlon Energy Indian Railway Fin and Vodafone Idea were among the most traded shares on the NSE.Shares of Refex Industries Narayana Hruday and Jai Balaji Inds hit their fresh 52-week highs in today's trade, while Sanwaria Consumer , Gland Pharma, Balaji Amines , Gammon Infra and BKM Industries hit fresh 52-week lows in trade.",https://m.economictimes.com/markets/stocks/stock-watch/stock-market-update-nifty-bank-index-falls-0-27-in-an-upbeat-market/articleshow/100409344.cms
"Adani Enterprises, Adani Green Energy, Adani Power: Why Are These Adani Group Stocks Trading In Green Today?",2023-05-22 10:04:00,"ADANI Share Price Update: The share price of Adani group stocks remained in focus on Monday (May 22) after the Supreme Court-appointed panel’s report said that suspicious trading has been observed in Adani group shares by six entities including four foreign portfolio investors, one corporate and one individual.
The share price of Adani Enterprises was up 5.45% at Rs.
2,062.70 per share at 9:50 am IST, Adani Green Energy share price was trading 4.99% higher at Rs.
941.75 per share, while the share price of Adani Transmission was up 5% higher at Rs.
Following this, Adani Group stocks took a beating adversely impacting Gautam Adani’s net worth.",https://english.jagran.com/business/adani-enterprises-adani-green-energy-adani-power-why-are-these-adani-group-stocks-trading-in-green-today-10079021
"Stock Market Recovers: Sensex Surges 200 Points, Nifty Above 18,250 Amid Volatility",2023-05-22 10:11:37,"The Indian stock market showed resilience as the Sensex rose by 200 points and the Nifty crossed the 18,250 mark amidst volatile trading.
Winners on the 30-share Sensex PlatformNTPC, PowerGrid, Infosys, Wipro, TechM, and L&T emerged as winners on the 30-share Sensex platform, recording positive gains.
Losers on the 30-share Sensex PlatformOn the downside, Airtel, IndusInd Bank, Nestle, Asian Paints, Axis Bank, and ICICI Bank experienced early losses.
Key Market IndicesIn the broader markets, the Nifty Midcap 100 and Nifty Smallcap 100 indices fell by up to 0.2 percent.
Stay tuned for more updates on the stock market and trending topics.",https://hindustanherald.com/stock-market-recovers-sensex-surges-200-points-nifty-above-18250-amid-volatility/
SBI vs Bank of Baroda vs Canara Bank: How India’s top PSU banks performed in Q4,,"India’s largest public sector lenders SBI, Bank of Baroda and Canara Bank delivered another quarter of robust growth in loans and deposits.
Despite delivering record profits in both Q3 and Q4 FY23, the SBI stock has underperformed over the last six months.
Canara Bank’s shares, however, have fallen 6% in this time.
It also has a better net interest margin (NIM), but its provision coverage ratio (PCR) is slightly lower than the other two banks.
Canara Bank’s cost of deposit rose 19 basis points to 4.38%.",https://www.businessinsider.in/finance/banks/news/sbi-vs-bank-of-baroda-vs-canara-bank-performance-comparison-based-on-q4-2022-23-earning-reports/articleshow/100357639.cms
Positive indicators in the market are strong; Today’s stock market information,2023-05-22 03:22:47,"| Investment Strategy Stock MarketLast Friday, the Indian stock market closed with gains.
Siddharth Khema, Head of Retail Research, Motilal Oswal, said there are several factors driving the market.
Positive global indicators, a healthy results season and continued buying of stocks by foreign investors are all factors supporting the market.
Although there was a small correction in the market last week, he believes that the market will continue to move forward soon.
At the time of writing, the SGX Nifty Index was trading at 18,296.75, up 65.75 points.",https://morningexpress.in/positive-indicators-in-the-market-are-strong-todays-stock-market-information/
"""DCX Systems Building India's Aerospace & Defence Giant for an Aatmanirbhar Bharat""",2023-05-22 04:22:00,"In fact, the Indian Defence and Aerospace Industries together play a key role in the 'Aatmanirbhar' or Self-Dependence journey of the country.
Bengaluru, Karnataka based rapidly growing Defence and Aerospace Company in this line, DCX Systems Ltd, would like to partner in achieving the goal of Self reliance.
Since it was founded, DCX has emerged as a vertically integrated Defence & Aerospace solutions player with large market potential and endto- end capabilities.
Dr. Rao has more than 30 years of experience in the electronics manufacturing sector of the Defence and Aerospace industry.
As an Indian Offset Partner (IOP), DCX has successfully executed offset projects of over US$300MN, during the last 6 years.",https://www.entrepreneur.com/en-in/technology/dcx-systems-building-indias-aerospace-defence-giant-for/452490
"Sensex gains over 200 pts, Nifty trades over 18,280; Adani group stocks jump",2023-05-22 09:48:28,"Broader markets were largely mixed, as Nifty Smallcap 100 was down 0.44 per cent, and Nifty Smallcap 50 and Nifty Smallcap 250 was down 0.27 per cent each.
On the other hand, Nifty 100 was trading 0.22 per cent higher, followed by Nifty 200 at 0.17 per cent and Nifty 500 at 0.12 per cent.
Sectorally, the Nifty IT index jumped 0.61 per cent, Nifty Consumer Durables gained 0.50 per cent, the Nifty Metal index rose 0.44 per cent, and Nifty PSU Bank jumped 0.26 per cent.
The Nifty Media index tanked 0.41 per cent, while, the Nifty Private Bank was down 0.19 per cent.
Adani Enterprises gained 5.72 per cent, while, Adani Ports jumped 3.55 per cent.",https://indianexpress.com/article/business/market/stock-market-today-sensex-nifty-adani-group-8622056/
"Share Market Today LIVE: Sensex, Nifty 50 edge lower; Coal India, Asian Paints top blue-chip laggards; PowerGrid, NTPC rise",2023-05-22 07:59:59,"TCS-led consortium bags Rs 15,000-crore order from BSNLA consortium led by Tata Consultancy Services (TCS) has bagged an advance purchase order valued over Rs 15,000 crore from BSNL for the deployment of a 4G network across India, according to a regulatory filing.
Tata Consultancy Services Ltd, NSE: TCS shares trade flat on NSE.
The counter quotes Rs 3,240.35, up by Rs 17.5 or 0.54 per cent at 10:06 AM on Monday.",https://www.zeebiz.com/markets/stocks/live-updates-nifty-live-sensex-anil-singhvi-india-share-market-q4-results-bpcl-shree-cement-divis-zomato-jsw-steel-bandhan-dow-live-gold-rate-rupee-dollar-inr-usd-236304
"Use dips in markets to increase allocation to equity, says Neeraj Chadawar of Axis Securities",,"He advised investors that this is the right time to review the portfolio and to use dips in the equity market to increase the allocation to equity if it is under-allocated.
Edited excerpts:After recovering in April, markets are continuing on a positive trend in May as well.
This has led FIIs to park capital in the Chinese equity market for the first three months of 2023.
With this in view, the current setup is a 'Buy on Dips' market.
We believe this is the right time to review the portfolio and use dips in the equity market to increase the allocation to Equity if it is under-allocated.",https://mintgenie.livemint.com/news/markets/use-dips-in-markets-to-increase-allocation-to-equity-says-neeraj-chadawar-of-axis-securities-151684478733569
Rupee opens 13 paise lower at 82.79 against US dollar,2023-05-22 09:05:37,"The Indian rupee opened lower Monday after the Reserve Bank of India (RBI) central bank said it will withdraw the ₹2,000 denomination currency notes from circulation.
The local unit opened 13 paise lower at 82.79 against the US dollar as compared to its Friday's close of 82.66 per dollar.
The dollar index traded lower following a surprise breakdown in US debt ceiling negotiations and after Federal Reserve chair Jerome Powell indicated a preference to slow rate hikes.
Last week, the rupee fell 0.6% to 82.66 per dollar on the back of a rise in the dollar index and Treasury yields.
The dollar index surged over 2% in the past two weeks.",https://www.livemint.com/market/commodities/rupee-opens-13-paise-lower-at-82-79-against-us-dollar-11684724272262.html
"F&O Ban: Balrampur Chini, GNFC, Manappuram among 6 stocks under ban on Monday",,"The ban on it is reversed only if the open interest falls below 80%.Traders who trade in indices do not encounter a situation of security ban.The MWPL for GNFC stood at 80.2% on Friday with OI reported by Trendlyne at 5.9 million.
It was down 2.8% from the previous session.Manappuram shares settled 0.72% lower on Friday at Rs 110.40 apiece.The MWPL for Balrampur Chini stood at 80.6% on Friday with OI reported by Trendlyne at 6.7 million.
In the 50-stock Nifty, 30 stocks advanced while 20 closed with declines.
""Amidst all the hustles, Nifty concluded the week with a cut of nearly 0.60 percent and settled a tad above the 18200 level.
Also, the banking index is nearing the lifetime high zone, and any breach could contribute to the upliftment of the market sentiment.",https://economictimes.indiatimes.com/markets/stocks/news/fo-ban-balrampur-chini-gnfc-manappuram-among-6-stocks-under-ban-on-monday/articleshow/100408103.cms
ETMarkets Smart Talk: FY24 should see a strong small-cap rally due to the valuation gap: Sushant Bhansali,,"Preliminary talks on a possible rescue of grounded budget carrier Go First through the insolvency process have been initiated with a few financial investors, including a leading global private equity fund, said people with knowledge of the matter.
Monday, 22 May, 2023(What's moving Sensex and Nifty Track latest market news stock tips and expert advice on ETMarkets .
For fastest news alerts on financial markets, investment strategies and stocks alerts, subscribe to our Telegram feeds .)
Download The Economic Times News App to get Daily Market Updates & Live Business News.
Top Trending Stocks: SBI Share Price",https://m.economictimes.com/markets/expert-view/etmarkets-smart-talk-fy24-should-see-a-strong-small-cap-rally-due-to-the-valuation-gap-sushant-bhansali/articleshow/100396821.cms
"Stocks To Watch: Zomato, Power Grid Corporation, Bandhan Bank, NTPC are stocks in news today",,"India's NSE stock futures listed on the Singapore exchange were down 0.16% at 18,208, as of 8:05 a.m. IST.
Wall Street equities closed lower on Friday on reports that the U.S. debt ceiling negotiations had reached an impasse.
A failure to lift the debt ceiling would trigger a default and a spike in interest rates, analysts cautioned.
Indian shares snapped three straight sessions of losses on Friday, aided by quarterly earnings and persistent foreign institutional buying.
** Power Grid Corporation of India Ltd: Co reports rise in fourth-quarter profit on increase in demand.",https://mintgenie.livemint.com/news/markets/stocks-to-watch-zomato-power-grid-corporation-bandhan-bank-ntpc-are-stocks-in-news-today-151684725183024
PVR Inox: New Beginnings or the Beginning of the End?,2023-05-22 08:27:01,"PVR Inox, post the merger, announced results for March 2023 quarter as a single entity.
View Full Image PVR InoxThe business is highly volatile and dependent on blockbusters, which are getting rarer.
First, size and brand name and loyalty are no more the hallmarks of a good business.
A business could be the biggest in its industry and end up being the biggest loser in it.
It can take end to end sourcing responsibility for these global brands and retailers.",https://www.livemint.com/market/stock-market-news/pvr-inox-new-beginnings-or-the-beginning-of-the-end-11684723414127.html
"Six entities under lens for suspicious trading in Adani shares: SC panel, ET EnergyWorld",,"AdvtAdvtJoin the community of 2M+ industry professionals Subscribe to our newsletter to get latest insights & analysis.
Enter Email Download ETEnergyworld App Get Realtime updatesSave your favourite articles Scan to download AppNew Delhi: Six entities including four foreign portfolio investors (FPIs) are under lens for suspicious trading in Adani group shares prior to the release of the damning Hindenburg report, the Supreme Court-appointed expert committee has said.
""While there was no adverse observation with respect to Adani scips in the cash segment, suspicious trading has been observed on the part of six entities.
These are four FPIs, one body corporate and one individual,"" the report said.The report did not name any of the six.
""The trading pattern here is suspicious because of the build up of short positions by these entities in the Adani scrips prior to the Hindenburg report, and substantial profits earned by them by squaring off their short positions after publication of the Hindenburg report on January 24, 2023,"" the expert committee said.A detailed investigation is being carried out in respect of the trading of the six entities.",https://energy.economictimes.indiatimes.com/news/renewable/six-entities-under-lens-for-suspicious-trading-in-adani-shares-sc-panel/100407196
JSW Steel shares may have limited upside potential as valuations factor in most positives,2023-05-22 00:00:00,"It has revised its target price to Rs 731 from Rs 668, rolling over to FY25E and value the stock at 7.5 times EV/Ebitda.
JSW Steel said it recorded highest ever crude steel production at 6.58 million tonnes for the quarter, up 6.8 per cent sequentially.
The quarter also saw highest ever saleable steel sales of 6.53 million tonnes, JSW Steel said.
""The stock price has corrected and is trading near its 10- year historical mean EV/EBITDA.
Our revised target price is Rs 675 (earlier: Rs 550) on an unchanged multiple of 6.2x FY25E EBITDA.",https://www.businesstoday.in/markets/company-stock/story/jsw-steel-shares-may-have-limited-upside-potential-as-valuations-factor-in-most-positives-382196-2023-05-22
Best Large Cap Stocks Under Rs 100 – Complete List & Analysis,2023-05-22 02:30:00,"Best Large Cap Stocks Under Rs 100: The most thrilling experience, understood globally, is getting more for less.
If you’re an active investor, we’ve picked out the best large cap stocks under Rs 100.
Best Large Cap Stocks Under Rs 100Not many companies fall under the category of large cap under Rs 100, as most large-cap companies have higher share prices.
Below you’ll find a table of the best large cap stocks under Rs 100:Best Large Cap Stocks Under Rs 100 #1 – Indian Oil CorporationAbout The CompanyThe Indian Oil Corporation Ltd is a Maharatna company, owned by the Government Of India.
Complete List Of Large Cap Stocks Under Rs 100Sl No Company Industry MCap(Cr) Current Price (Rs) PE Ratio TTM 1 Indian Oil Corporation Ltd.",https://tradebrains.in/best-large-cap-stocks-under-rs-100/
"Six Entities Including Foreign Investors Under Lens For Suspicious Trading In Adani Group Shares, Says SC Panel",2023-05-22 08:09:02,"HomeBusinessSix Entities Including Foreign Investors Under Lens For Suspicious Trading In Adani Group Shares, Says SC PanelSix Entities Including Foreign Investors Under Lens For Suspicious Trading In Adani Group Shares, Says SC PanelSimply put, a ""short"" position is the sale of a stock that one does not own.
Six Entities Including Foreign Investors Under Lens For Suspicious Trading In Adani Group Shares, Says SC Panel (Image: ANI)New Delhi: Four foreign portfolio investors (FPIs) and two other entities are under lens for suspicious trading in Adani group shares prior to the release of the damning Hindenburg report, the Supreme Court-appointed expert committee has said.
“While there was no adverse observation with respect to Adani scips in the cash segment, suspicious trading has been observed on the part of six entities.
A detailed investigation is being carried out in respect of the trading of the six entities.
After a detailed scrutiny of the movement of prices of Adani shares and their sale and purchase by different entities, the committee found no evidence of price manipulation of stocks by firms linked to the Adani group.",http://www.india.com/business/six-entities-including-foreign-investors-under-lens-for-suspicious-trading-in-adani-group-shares-says-sc-panel-6063231/
"India's note withdrawal to improve liquidity, ease short-term rates - analysts",,"The value of such notes in circulation is 3.6 trillion rupees ($44.02 billion).
Kotak Institutional Equities estimates that liquidity could improve by around 1 trillion rupees, while QuantEco Research pegs the potential liquidity impact at 400 billion rupees to 1.1 trillion rupees.
ICICI Securities Primary Dealership estimates the liquidity surplus could increase to 1.5-2 trillion rupees.
India's banking system liquidity surplus has averaged around 600 billion rupees so far in May.
About 2.5-3 trillion rupees of banking sector liquidity leaks out as currency in circulation each year, said Pranjul Bhandari, chief India economist at HSBC.",https://uk.sports.yahoo.com/news/indias-note-withdrawal-improve-liquidity-022823664.html
UK Opposition Slams Donations To Conservative Party By Indian Businessman,,"Karan Chanana is under investigation by the ED for fraud and money laundering.
(File)Britain's Opposition Labour Party is calling for a freeze on the money donated by an Indian rice tycoon to the governing Conservative Party while he is under investigation by the Enforcement Directorate (ED) in India on fraud and money laundering allegations.
He is believed to have donated around GBP 220,000 to the Conservatives through his British company Amira G. Foods since September 2019.
Amira Nature Foods was listed on the New York stock exchange in October 2012, specialising in Indian basmati rice grown in the foothills of the Himalayas.
Its subsidiaries included Amira Pure Foods in India, now under investigation, and Amira G. Foods in the UK, according to corporate filings.",https://www.ndtv.com/world-news/uk-opposition-slams-donations-to-conservative-party-by-indian-businessman-4054119
"Market LIVE Updates: Indices trade higher, Nifty at 18,300; Adani group stocks most active",2023-05-22 07:28:31,"May 22, 2023 / 11:33 AM ISTThe Power Transmission & Distribution (PT&D) Business of Larsen & Toubro (L&T) construction has recently secured EPC orders in India and overseas.
In the Kingdom of Saudi Arabia (KSA), the Business has secured two orders to establish 380kV overhead power transmission lines connecting prominent cities situated on the Red Sea coast.
Another order has been secured to design, supply, and construct a 380kV substation in the central region of KSA.
The substation will be a crucial element to evacuate renewable capacity as part of the Kingdom’s diversification to non-fossil fuel sources in their electricity mix.
Larsen & Toubro was quoting at Rs 2,214.85, up Rs 24.55, or 1.12 percent on the BSE.",https://www.moneycontrol.com/news/business/markets/market-live-updates-sgx-indicates-a-flat-to-negative-start-us-markets-fall-asia-trades-flat-10632371.html
"While Dish TV India (NSE:DISHTV) shareholders have made 225% in 3 years, increasing losses might now be front of mind as stock sheds 11% this week",,"It's been a soft week for Dish TV India Limited ( ) shares, which are down 11%.
In the last 3 years Dish TV India saw its revenue shrink by 14% per year.
A Different PerspectiveDish TV India shareholders have received returns of 9.6% over twelve months, which isn't far from the general market return.
But to understand Dish TV India better, we need to consider many other factors.
Find out whether Dish TV India is potentially over or undervalued by checking out our comprehensive analysis, which includes fair value estimates, risks and warnings, dividends, insider transactions and financial health.",https://simplywall.st/stocks/in/media/nse-dishtv/dish-tv-india-shares/news/while-dish-tv-india-nsedishtv-shareholders-have-made-225-in
Jubilant Industries' (NSE:JUBLINDS) three-year earnings growth trails the incredible shareholder returns,,"One bright shining star stock has been Jubilant Industries Limited ( ), which is 377% higher than three years ago.
During three years of share price growth, Jubilant Industries achieved compound earnings per share growth of 40% per year.
Dive deeper into Jubilant Industries' key metrics by checking this interactive graph of Jubilant Industries's .
A Different PerspectiveWe're pleased to report that Jubilant Industries shareholders have received a total shareholder return of 16% over one year.
But to understand Jubilant Industries better, we need to consider many other factors.",https://simplywall.st/stocks/in/materials/nse-jublinds/jubilant-industries-shares/news/jubilant-industries-nsejublinds-three-year-earnings-growth-t
"Stock Market LIVE: Sensex, Nifty advance; Adani Ent, Adani Ports top gainers",2023-05-22 07:44:33,"Adani Ports traded 7.16% higher at ₹737.4, while Adani Power was at ₹248.00, up ₹11.80.
Adani Green Energy Limited traded at ₹942.40, up 5%, and Adani Total Gas was at ₹721.35, also up 5%.
Hence, the markets regulator urged the committee to recommend creation of anti-avoidance provisions that give Sebi powers to go after entities looking to avoid complying with the law, the committee report showed.
While on the downside, if Nifty traded below 18,000, followed by 17870.
On Friday, the Sensex had risen 298 points to close at 61,729.68, while Nifty rose 73.40 points to 18,203.40.",https://www.livemint.com/market/live-blog/stock-market-live-asian-equities-under-pressure-as-us-debt-talks-cast-shadow-11684721053094.html
Financial bulletins are the stuff of memes on Twitter,,"At first, it was about TCS (not the Tata company).
Then came ‘ Note Bandi 2.0.’ And just like that, a meme fest ensued on ‘ Fintwit ,’ or Financial Twitter , late last week.“Typically, there is one development a week in the financial sector that is ripe for meme makers to lap up.
They posted screenshots from popular web series such as Mirzapur and Sacred Games, as well as recent ones such as Farzi and The Night Manager (the Indian version).
They are relatively newer in the Indian context, but at this point, almost every piece of news gets memefied, he said.Earlier, static memes were widely popular on Fintwit.
However, “since both TCS and Rs 2,000 note discontinuation weren’t complicated matters, they didn’t lead to many video memes,” he said.",https://m.economictimes.com/news/india/financial-bulletins-are-the-stuff-of-memes-on-twitter/articleshow/100406077.cms
China’s Shien to re-enter India via Reliance Retail. 5 updates,2023-05-22 07:19:49,"Chinese online fashion brand Shein will make a comeback in India almost after three years of ban.
Thanks to Reliance Retail.
Separately, Reliance Retail reported a 12.9% increase in its net profit to ₹2,415 crore.
Besides, Reliance Retail also added 966 new stores in the March quarter, taking the total count to 18,040 and reporting 41.29%.
German retailer METRO AG also completed ₹2,850 crore in the sale of its Indian cash & Carry business to Reliance Retail Ventures Ltd (RRVL) this month.",https://sharepriceindia.com/chinas-shien-to-re-enter-india-via-reliance-retail-5-updates/
Stock Market Today: Top 10 things to know before the market opens,2023-05-22 07:24:32,"The BSE Sensex gained 297 points to close at 61,729 in the previous session, while the Nifty 50 closed 73 points higher at 18,203.
The Nifty50 traded comfortably higher than its 200-day moving average of 17,997 and is expected to build on the recent momentum.
If the index advances, 18,221 would be the key resistance level to watch out for followed by 18,258 and 18,318.
Stay tuned to Moneycontrol to find out what happens in the currency and equity markets today.
SGX NiftyThe SGX Nifty indicates a negative start for the broader index with a loss of 28 points on Monday.",https://www.moneycontrol.com/news/business/markets/stock-market-today-top-10-things-to-know-before-the-market-opens-49-10631671.html
"FPI flows into Indian equities hit a 5-month high in May, outlook ‘improved significantly’ say analysts",,"FPIs have pumped ₹30,946 crore into Indian equities in May so far, the highest in the past 5 months.
After outflows in January and February, FPIs turned net buyers in March, having invested ₹51,516 crore since then, so far.
According to data from NSDL, FPIs have pumped ₹15,516 crore in financial services stocks alone since March.
AdvertisementForeign portfolio investorsFPIAdvertisementBusiness Insider IndiaFPIs load up on riskAdvertisement) have stepped up their investments in Indian equities.
According to data from NSDL, FPIs have pumped ₹15,516 crore in financial services stocks since March.",https://www.businessinsider.in/stock-market/news/fpi-flows-into-indian-equities-hit-a-5-month-high-in-may/articleshow/100357453.cms
Day trading guide for today: Six buy or sell stocks for Monday - May 22,2023-05-22 07:00:31,"Nifty Realty climbed by 0.87%, Nifty Auto rose by 0.70%, Nifty IT increased by 1.47%, Nifty Private Bank gained by 0.45%, Nifty Metal increased by 0.29%, and Nifty PSU Bank increased by 0.31%.
Here are key stocks to buy and sell in the trading session of Monday:Sumeet Bagadia, Executive Director at Choice Broking:- Buy ICICI Bank with a stop loss of ₹940 for a target price of ₹975-980.
- Buy Motherson Sumi with a stop loss of ₹77 for a target price of ₹86-88.
Ganesh Dongre, Senior Manager - Technical Research at Anand Rathi:- Buy Reliance Industries at ₹2,442 with a stop loss of ₹2,415 for a target price of ₹2,475.
- Buy Uflex at ₹440 with a stop loss of ₹425 for a target price of ₹465.",https://www.livemint.com/market/stock-market-news/day-trading-guide-for-today-six-buy-or-sell-stocks-for-monday-may-22-11684696561086.html
"Six entities under lens for suspicious trading in Adani shares, says SC panel",2023-05-22 06:44:35,"Six entities including four foreign portfolio investors (FPIs) are under lens for suspicious trading in Adani group shares prior to the release of the damning Hindenburg report , the Supreme Court-appointed expert committee has said.
Shares of Adani Group, which denied all allegations, likening the US investment firm's report to an attack on India, fell after the Hindenburg report was published on January 24.
""While there was no adverse observation with respect to Adani scips in the cash segment, suspicious trading has been observed on the part of six entities.
A detailed investigation is being carried out in respect of the trading of the six entities.
After a detailed scrutiny of the movement of prices of Adani shares and their sale and purchase by different entities, the committee found no evidence of price manipulation of stocks by firms linked to the Adani group.",https://www.livemint.com/news/india/six-entities-under-lens-for-suspicious-trading-in-adani-shares-says-sc-panel-11684717422295.html
Avoid underpasses during rain: BBMP,2023-05-22 00:00:00,"Bosky Khanna ByExpress News ServiceBENGALURU: This is not the first time vehicles were stranded in underpasses and passengers struggled to reach safety.
As a matter of fact, there is an unwritten rule that underpasses should be closed as soon as rain starts.
“Usually, vehicles avoid underpasses when it rains, due to uncertainty of how deep the water could be.
As a matter of fact, there is an unwritten rule that underpasses should be closed as soon as rain starts.
“Usually, vehicles avoid underpasses when it rains, due to uncertainty of how deep the water could be.",https://www.newindianexpress.com/states/karnataka/2023/may/22/avoid-underpasses-during-rain-bbmp-2577406.html
"Wistron exits Apple India biz after tripping over scale, work culture",,"Boarding Gate: Financial Investors Being Tapped to Bid for Go First Preliminary talks on a possible rescue of grounded budget carrier Go First through the insolvency process have been initiated with a few financial investors, including a leading global private equity fund, said people with knowledge of the matter.
Borrowing Rates for Govt, Cos to Decline Bulk borrowing rates for the government and corporates are set to reduce in the short term as Friday’s central bank move to withdraw India’s highest denomination banknotes of ₹2,000 from the markets is expected to boost banking system liquidity.",https://economictimes.indiatimes.com/tech/technology/wistron-exits-apple-india-biz-after-tripping-over-scale-work-culture/articleshow/100401616.cms
"India, UK review FTA progress",,"The two leaders reviewed their Comprehensive Strategic Partnership, including taking stock of the progress in India-UK FTA negotiations.
They had earlier met on the margins of the G20 summit in Indonesia in November last year.
Sunak is slated to attend the G20 summit in India in September this year.
“The leaders agreed that their teams would continue to work at pace to finalise an ambitious and mutually beneficial deal,” said Sunak’s spokesperson.
“The leaders discussed the wider objectives of the G7 summit and the PM (Sunak) committed his strong support for India’s G20 presidency,” added the spokesperson.",https://www.tribuneindia.com/news/nation/india-uk-review-fta-progress-509996
Karnataka: Anna Bhagya scheme to fix malnutrition,2023-05-22 00:00:00,"Mohammed Yacoob ByExpress News ServiceBENGALURU: The government will not go back on its word on implementation of Anna Bhagya scheme, where every BPL (Below Poverty Line) household will be given 10kg of free grains.
Vasudev Sharma, Executive Director, Child Rights Trust, said everyone welcomes such a scheme, and contended that almost all governments have worked for food security.
Even though food is available, the issue of malnutrition is not addressed, especially among children and adolescent girls.
To fight malnutrition, it is necessary to have such a scheme.
BENGALURU: The government will not go back on its word on implementation of Anna Bhagya scheme, where every BPL (Below Poverty Line) household will be given 10kg of free grains.",https://www.newindianexpress.com/states/karnataka/2023/may/22/karnataka-anna-bhagya-schemeto-fix-malnutrition-2577438.html
There’s optimism in the country and it’s seeping through the system: HSBC India CEO Hitendra Dave,2023-05-22 05:02:37,"HSBC India’s Chief Executive Officer HITENDRA DAVE says he is bullish on India despite a host of problems across the global economy.
I am very optimistic about India… I don’t think I have been this bullish ever.
I don’t think the resilience or the shock-absorbing cushion is getting captured in widespread narratives.
I don’t think there are talks of rate cuts in yield curves either in the West or in India.
Both on a relative and absolute basis, we think India is the place for any bank, particularly for a global bank like us, to make a very significant mark.",https://indianexpress.com/article/business/banking-and-finance/theres-optimism-in-the-country-and-its-seeping-through-the-system-hsbc-india-ceo-hitendra-dave-8621726/
Stock Market Today: All You Need To Know Going Into Trade On May 22,,"Contracts for the S&P 500 and the Nasdaq 100 dropped about 0.2% after the gauges registered small declines on Friday.
At 5:38 a.m., the Singapore-traded SGX Nifty, an early indicator of the Nifty 50 Index’s performance in India, was down 0.16% at 18,209.5.
Domestic benchmark indices snapped a three-day losing streak to end higher, aided by gains in Adani Group stocks as well as technology and information technology stocks.
Foreign portfolio investors offloaded equities worth Rs 113.46 crore, snapping the 16-day buying streak—the longest buying spree so far in 2023.
On the other hand, domestic institutional investors turned buyers snapping their three-day selling streak, and bought stocks worth Rs 1,071.35 crore, the NSE data showed.",https://www.bqprime.com/markets/stock-market-today-all-you-need-to-know-going-into-trade-on-may-22
"Stocks To Watch: NTPC, Zomato, Delhivery, JSW Steel, Glenmark Pharma, Aditya Birla Fashion And Retail",,"Contracts for the S&P 500 and the Nasdaq 100 dropped about 0.2% after the gauges registered small declines on Friday.
At 5:38 a.m., the Singapore-traded SGX Nifty, an early indicator of the Nifty 50 Index’s performance in India, was down 0.16% at 18,209.5.
Domestic benchmark indices snapped a three-day losing streak to end higher, aided by gains in Adani Group stocks as well as technology and information technology stocks.
Foreign portfolio investors offloaded equities worth Rs 113.46 crore, snapping the 16-day buying streak—the longest buying spree so far in 2023.
On the other hand, domestic institutional investors turned buyers snapping their three-day selling streak, and bought stocks worth Rs 1,071.35 crore, the NSE data showed.",https://www.bqprime.com/business/stocks-to-watch-ntpc-zomato-delhivery-jsw-steel-glenmark-pharma-aditya-birla-fashion-and-retail
"Modi, Sunak agree to work towards ‘ambitious’ FTA during talks in Japan",,"© PTIModi and Sunak met on the sidelines of the summit of the G7 advanced economies here in Hiroshima.
In their second in-person meeting since the G20 Summit in Indonesia last November, the two leaders are said to have discussed the deep ties shared between the nations.
The leaders agreed that their teams would continue to work at pace to finalise an ambitious and mutually beneficial deal,” the spokesperson said.
He looked forward to working closely with Prime Minister Modi ahead of a successful Summit later this year,"" the spokesperson added.
During discussions on India’s G20 presidency, Prime Minister Modi said he looked forward to welcoming Sunak to New Delhi for the G20 Summit in September.",https://www.msn.com/en-in/news/newsindia/modi-sunak-agree-to-work-towards-ambitious-fta-during-talks-in-japan/ar-AA1bsT9z%3Fli%3DAAgfYGb
Yes Bank Share Price Prediction 2025: Will Yes Bank Stock Recover from Crisis?,2023-05-21 20:11:36,"Yes Bank Share Price Prediction: Price HistoryTo get a detailed Yes Bank share value outlook, it is essential for investors to get an idea of Yes Bank stock’s price history to determine its future growth potential.
Yes Bank Share Price Prediction 2024Moving into 2024, we anticipate a gradual recovery in Yes Bank’s share price.
Yes Bank Share Price Prediction 2025By 2025, Yes Bank is expected to further consolidate its position and demonstrate continued growth.
Yes Bank Share Price Prediction: Industry ExpertsAccording to Finances Rule’s Yes Bank share price prediction, the stock price may attain an average trading price of ₹31, with a minimum price of ₹30 and a maximum price of ₹33 by the end of 2024.
Wrapped LUNA Classic (WLUNC) Price PredictionRivian Stock Price Prediction 2025 & 2030: What Lies Ahead for RIVN Stock Price?",https://blockchainreporter.net/yes-bank-share-price-prediction-2025-will-yes-bank-stock-recover-from-crisis/
BPO firm’s exposure in eastern Europe rises,,"Even the percentage of revenue contributed by these countries’ delivery centres has increased for WNS in FY23.
As of March 31, 2022, WNS had 429 and 124 employees based in Romania and Poland.
But the annual report for FY23 showed that WNS increased its employee base in those two countries to 647 and 201, respectively.
All major Indian IT services companies like TCS, Infosys, HCLTech and Wipro have operations and subsidiaries in eastern Europe.
During FY23, WNS added 4,668 employees in India.",https://www.financialexpress.com/industry/bpo-firms-exposure-in-eastern-europe-rises/3096385/
UK Opposition Calls for Freeze of Indian Rice Tycoon's Donation to Conservative Party,2023-05-22 01:12:45,"Britain’s Opposition Labour Party is calling for a freeze on the money donated by an Indian rice tycoon to the governing Conservative Party while he is under investigation by the Enforcement Directorate (ED) in India on fraud and money laundering allegations.
Karan Chanana, head of the global rice brand Amira, is being investigated by ED over claims that bank loans were unlawfully diverted into shell entities and is yet to respond to the allegations.
He is believed to have donated around GBP 220,000 to the Conservatives through his British company Amira G. Foods since September 2019.
Amira Nature Foods was listed on the New York stock exchange in October 2012, specialising in Indian basmati rice grown in the foothills of the Himalayas.
top videosIts subsidiaries included Amira Pure Foods in India, now under investigation, and Amira G. Foods in the UK, according to corporate filings.",https://www.news18.com/world/uk-opposition-calls-for-freeze-of-indian-rice-tycoons-donation-to-conservative-party-7878961.html
Onion seed growers enjoying bumper yields,2023-05-22 09:30:00,"PHOTO: Suzit Kumar DasOnion seed farmers in Faridpur, a major growing district in southern Bangladesh, are enjoying bumper yields this year as the weather was favourable during cultivation, according to market players.
During a recent visit to the Ambikapur area of Faridpur sadar upazila, this correspondent found that onion seed growers are busy preparing their harvest for sale.
""I hope to get at least 45 maunds of onion seed to make up for last year's loss,"" he added.
Mostafa Biswas, another local farmer, said they would not face such problems if the government avoids buying onion seed from abroad.
""Onion farmers will get good yields this year due to favourable weather and hopefully, prices will be good also,"" he added.",https://www.thedailystar.net/business/economy/news/onion-seed-growers-enjoying-bumper-yields-3326161
Stocks break three-day gaining streak,2023-05-22 00:00:00,"The DS30, the blue-chip index, dipped 0.19 per cent to 2,190 while the DSES, the Shariah-compliant index, went down 0.14 per cent to 1,366.
Of the individual companies, Bangladesh General Insurance Company made the highest gain with an increase of 9.96 per cent.
Trust Islami Life Insurance, CAPM IBBL Islamic Mutual Fund, Emerald Oil Industries, and Global Insurance Company were among the top gainers.
Sea Pearl Beach Resort & Spa, Chartered Life Insurance Company, Pragati Life Insurance, and Far Chemical Industries were also on the list of significant losers.
Rupali Life Insurance Company, Intraco Refueling Station, Chartered Life Insurance Company, and Orion Infusion witnessed significant turnover as well.",https://www.thedailystar.net/business/economy/news/stocks-break-three-day-gaining-streak-3326156
Global sugar prices may go up as Indian output drops,2023-05-22 00:00:00,"The Indian government has capped exports for the ongoing sugar production cycle, which runs from October to September each year, at 6.1 million tonnes.
According to the association, 5.7 million tonnes of the permitted quota have already been exported, with the remainder expected to be shipped out by May 25.
The country was expected to produce around 38.5 million tonnes in 2022-23, but this estimate was lowered to 36.8 million tonnes by the Indian Sugar Mills Association (Isma) on April 26.
In April, ex-mill sugar prices shot up by 300 rupees (S$4.80) to 3,590-3,750 rupees a quintal in Uttar Pradesh.
The supply crunch in India comes as global sugar prices are on an upswing.",https://www.thedailystar.net/business/economy/news/global-sugar-prices-may-go-indian-output-drops-3326146
What Is Air India's Share Price And How To Buy,,"Air India Share Price and How to BuyAir India is not a listed entity on the Indian stock market, so it will not be possible for you to invest in Air India shares or check the Air India share price.
So, even your search for Tata Air India share price will draw a blank as it is not listed on the stock market.
Air India FundamentalsThe privatisation was aimed to alleviate Air India’s financial woes, but the path to profitability remains steep.
Factors Affecting Air India’s PerformanceSeveral factors can impact Air India’s performance, including:Alternative Investment Ideas:: The aviation industry is highly competitive, with various airlines vying for market share.
This article What Is Air India's Share Price And How To Buy originally appeared on Benzinga.com",https://www.msn.com/en-in/money/topstories/what-is-air-indias-share-price-and-how-to-buy/ar-AA1btOjj%3Fli%3DAAgfYGb
"Breaking News Highlights: IMD Issues Heatwave Warning For Delhi-NCR, Adjoining Areas For Tomorrow",2023-05-21 23:59:57,"Bijapur Police says two jawans of the (CoBRA) 202 batallion were injured during an exchange of fire between security personnel and Naxalites in Chhattisharh's Bijapur district.
Both the injured personnel have been admitted to district hospital.
There is a possibility of 3-4 Naxalites being injured in the encounter, search operation underway, they say.",https://news.abplive.com/news/breaking-news-live-updates-21-may-2023-bjp-congress-pm-modi-rahul-gandhi-lok-sabha-polls-aap-arvind-kejriwal-supreme-court-imran-khan-weather-update-1603687
Market regulator pushes for anti-avoidance provisions,2023-05-21 22:42:08,"Mumbai: Markets regulator Securities and Exchange Board of India (Sebi) is pitching for anti-avoidance provisions which will enable the regulator to go after corporates devising innovative arrangements to avoid compliance with the share market rules.
Hence, the markets regulator urged the committee to recommend creation of anti-avoidance provisions that give Sebi powers to go after entities looking to avoid complying with the law, the committee report showed.
Even the Indian tax department has such a power which is covered under General Anti-Avoidance Rules (GAAR).
Now, Sebi wants a similar provision which will enable the regulator to crack down on related party transactions, insider trading and other potential market violations.
“Sebi submitted to the committee that the committee ought to recommend introduction of provisions akin to the general anti-avoidance rules that are now in vogue in tax laws.""",https://www.livemint.com/news/india/sebi-seeks-anti-avoidance-provisions-to-target-corporates-devising-innovative-structures-to-avoid-compliance-with-share-market-rules-in-mumbai-11684689128747.html
Market regulator pushes for anti-avoidance provisions,2023-05-21 22:42:08,"Mumbai: Markets regulator Securities and Exchange Board of India (Sebi) is pitching for anti-avoidance provisions which will enable the regulator to go after corporates devising innovative arrangements to avoid compliance with the share market rules.
Hence, the markets regulator urged the committee to recommend creation of anti-avoidance provisions that give Sebi powers to go after entities looking to avoid complying with the law, the committee report showed.
Even the Indian tax department has such a power which is covered under General Anti-Avoidance Rules (GAAR).
Now, Sebi wants a similar provision which will enable the regulator to crack down on related party transactions, insider trading and other potential market violations.
Like instead of selling say ₹90 lakh shares in a single go, they could sell ₹9 lakh worth shares ten times.",https://sharepriceindia.com/market-regulator-pushes-for-anti-avoidance-provisions/
"Asian indices increases, Indian Sensex index declines on Thursday",,"(MENAFN) Nearly every main Asian index ended Thursday’s session with increases, whereas the Indian Sensex index dropped marginally by 0.17 percent.
The Asia Dow, which contains blue-chip firms in the area, grew 1.27 percent to 3,443.78 points as of 1000GMT.
On Thursday, Japan's official numbers indicated that the nation’s shipments surged by 2.6 percent whereas shipments into the nation fell by 2.3 percent in April.
China's Shanghai Stock Exchange also surged 0.4 percent to 3,297.32 points, whereas the Singapore index jumped by 0.27 percent to finish the session reaching 3,182.55 points.
In the meantime, India's Sensex index saw a fall of 0.17 percent to end standing at 61,458.83.",https://menafn.com/1106283166/Asian-indices-increases-Indian-Sensex-index-declines-on-Thursday
"That’s why India is withdrawing Rs 2,000 notes Pipa News",2023-05-21 19:03:13,"That’s why India is withdrawing Rs 2,000 notesThat’s why India is withdrawing Rs 2,000 notes.
The Reserve Bank of India (RBI) has asked people to deposit Rs 2,000 denomination notes before September 30 or exchange them with other bank notes as the central bank announced its plan to withdraw these notes, media reported.
However, it has said that its directions on Rs 2,000 notes will remain in effect till that date.
When the Rs 2000 notes were introduced, they were intended to replenish the Indian currency in circulation immediately after demonetisation.
The value of Rs 2,000 notes in circulation is 3.62 trillion Indian rupees ($44.27 billion).",https://pipanews.com/thats-why-india-is-withdrawing-rs-2000-notes-pipa-news/
DII sell-off offsetting FII buying support,2023-05-21 21:24:38,"However, FII buying is getting neutralised by DII selling.
This year’s stock market is split in two.
You might be tempted to take on extra risk, to try to catch up to the hottest players in the stock market.
Their stocks aren’t scaled by their total value in the stock market, with some bigger companies getting greater weight and some stocks with higher share prices dominating.
Bank Nifty is also struggling to catch up with momentum above the 44,000 mark.",https://www.bizzbuzz.news/markets/dii-sell-off-offsetting-fii-buying-support-1220213
Watch: PM Modi's Unseen Moments With World Leaders In Japan,,"The video also highlights the meeting of the Quad group leaders.
A behind-the-scenes wrap of Prime Minister Narendra Modi at the G-7 meet released on Sunday captured several key moments from the summit, especially his interaction with other world leaders.
PM Modi arrived in Japan on Friday for the annual summit of the G7 grouping and the third in-person Quad leaders' meeting.
Members of the Indian community had said they were ""extremely excited"" to have the Prime Minister among them.
PM Modi was also seen interacting individually with world leaders such as US President Joe Biden, Australia Prime Minister Anthony Albanese, and Japan Prime Minister Fumio Kishida.",https://www.ndtv.com/india-news/watch-pm-modis-unseen-moments-with-world-leaders-in-japan-4054339
"India to withdraw 2,000-rupee notes from circulation",2023-05-21 00:00:00,"NEW DELHI: India will start withdrawing its highest-value currency notes from circulation, its central bank said on Friday, in a move that economists said could boost bank deposits at a time of high credit growth.
Announcing the withdrawal, the Reserve Bank of India (RBI) said evidence showed the denomination was not being commonly used for transactions.
The 2,000 rupee note was introduced in 2016 after the Narendra Modi-led government abruptly withdrew 500 and 1000 rupee denominations in an effort to remove forgeries from circulation.
The government began issuing new 500 rupee notes days later and added the 2,000 to replenish currency in circulation at a faster pace.
However, since then, the central bank has focused on printing notes of 500 rupees and below and has printed no new 2,000-rupee notes in the last four years.",https://profit.pakistantoday.com.pk/2023/05/21/india-to-withdraw-2000-rupee-notes-from-circulation-2/
Hindenburg saga: Four FPIs under SEBI scanner for Adani share price crash,2023-05-21 13:16:34,"A report from US-based obscure short-seller Hindenburg Research on January 24 unleashed a wave of short bets on Adani Group companies, leading to a stock rout that crashed the conglomerate’s market valuation by more than $125 billion.
“It is noteworthy that strong feedback on the Hindenburg Report is that it contained no new data but was substantially a collection of inferences from data in the public domain.
The Committee is equally cognizant of the fact that the allegations in the Hindenburg Report are substantially based on publicly available information.
However, the manner in which it has extrapolated the information and presented it, has led to a serious nose-dive in the prices of Adani stocks,” the expert committee has noted in its recent report.
Hindenburg itself had revealed that it “held short positions in Adani companies through bonds and non-Indian-traded derivative instruments.”",https://www.thehindubusinessline.com/markets/hindenburg-saga-four-fpis-under-sebi-scanner-for-adani-share-price-crash/article66877437.ece
"Foreign Investors Flock To Indian Market, Invest Rs 30,945 Crore Into Equities So Far in May | Key Driving Factors",2023-05-21 20:09:23,"Foreign Investors (Image Source: Pixabay)Data indicates a positive development for the Indian economy , as foreign investors have infused Rs 30,945 crore into the Indian equities during May.
This surge in foreign investments signifies growing confidence in the Indian market and highlights the attractiveness of Indian equities among international investors.
In addition to their investments in equities, foreign portfolio investors (FPIs) have also allocated Rs 1,057 crore towards the debt market thus far in May.
This follows a net infusion of Rs 11,630 crore in equities during April and Rs 7,936 crore in March.
These investment trends highlight the growing interest of foreign investors in Indian financial markets, encompassing both equities and debt instruments.",https://www.timesnownews.com/business-economy/markets/foreign-investors-flock-to-indian-market-invest-rs-30945-crore-into-equities-so-far-in-may-key-driving-factors-article-100399869
Modi-Zelenskyy’s Hiroshima Rendezvous: India must help Ukraine and recalibrate its strategic calculations in light of the Russia-China compact,2023-05-21 19:57:08,"For, the Ukraine war has severely diminished Russia’s international stock.
In fact, even China is supporting Russia because of its own strategic-security calculations, not because it agrees with Moscow’s Ukraine expedition.
Russia needs to be condemned for the invasion of Ukraine, it must be made to face penalties, and Ukraine needs to be supported materially, financially and militarily to regain full control of its internationally recognised borders.
It must also increase the level of bilateral cooperation and promise assistance in rebuilding Ukraine after the war ends.
With Russia and China practically inseparable now, New Delhi must revise its strategic calculations.",https://timesofindia.indiatimes.com/blogs/talkingturkey/modi-zelenskyys-hiroshima-rendezvous-india-must-help-ukraine-and-recalibrate-its-strategic-calculations-in-light-of-the-russia-china-compact/
PM of Papua New Guinea touches feet of PM Narendra Modi,2023-05-21 14:35:12,"On 21st May 2023, Prime Minister Narendra Modi reached Papua New Guinea after attending the G7 meeting in Japan.
While receiving him at the airport, Papua New Guinea’s prime minister James Marape displayed a surprising gesture by touching his feet.
#WATCH | Prime Minister Narendra Modi arrives in Papua New Guinea for the second leg of his three-nation visit after concluding his visit to Japan.
#WATCH | People from the Indian diaspora welcome Prime Minister Narendra Modi as he arrives in Papua New Guinea.
About his visit to Papua New Guinea, he said in the statement, “From Japan, I will be visiting Port Moresby, Papua New Guinea.",https://www.opindia.com/2023/05/pm-of-papua-new-guinea-touches-feet-of-pm-narendra-modi/
PM asks global community to raise voice against status quo,2023-05-21 11:15:00,"Underlining the need for all countries to respect the UN Charter, international law and sovereignty and territorial integrity of other nations, Prime Minister Narendra Modi on Sunday asked the global community to jointly raise its voice against unilateral attempts to change the status quo.
Modi said global peace, stability, and prosperity were the common objectives of the global community.
In the current global situation, these countries are facing the maximum and most profound impact of the food, fuel, and fertilizer crisis,” he added.
He said the current situation raised the question as to why the world community was facing the need to discuss matters of peace and stability in distinct forums.
Before leaving on the second leg of his current three-nation tour, Modi also met UK Prime Minister Rishi Sunak.",https://www.thestatesman.com/india/pm-asks-global-community-to-raise-voice-against-attempts-to-change-status-quo-1503183447.html
Lt Gen Upendra Dwivedi Visits Forward Posts Near LoC Ahead Of G20 Meet In Srinagar,,"Lieutenant General Upendra Dwivedi, the General Officer Commanding-in-Chief Northern Command visited forward posts near the Line of Control (LOC) in the Uri and Keran sectors.
He met the troops deployed at the LOC and reviewed the security measures adopted, as a lead-up to the G20 meeting.
#LtGenUpendraDwivedi, #ArmyCdrNC visited forward posts near Line of Control in #Uri and #keran sectors, to review the security measures adopted, as a lead up to #G20 meet.
The G20 meetings had already taken place in Arunachal Pradesh, which China had opposed and skipped the meetings.
Ever since India took over the Presidency of the G20, both Pakistan and China have been feeling uncomfortable.",https://www.republicworld.com/india-news/general-news/lt-gen-upendra-dwivedi-visits-forward-posts-near-loc-ahead-of-g20-meet-in-srinagar-articleshow.html
Mumbai News Live Updates: NCP MLA Jayant Patil to appear before ED today in connection with IL&FS money laundering case,2023-05-21 09:26:41,"Mumbai News Live Updates, today: Maharashtra NCP president and MLA Jayant Patil will appear before ED today for questioning in a money laundering case linked to alleged financial irregularities in the now bankrupt financial services firm IL&FS.
Earlier, the politcian had told reporters that he never had any association or financial dealing with IL&FS.
Apart from stringent action against the schools, the complainant has also sought action against the officers responsible for these schools which ran for more than five years, unsupervised.
he state education department had issued a list of unauthorised schools last year and instructed all local authorities to act against the schools featured in the list from their respective jurisdiction.
On average, the state had been reporting around 1,000 Covid cases daily.",https://indianexpress.com/article/cities/mumbai/mumbai-news-live-updates-eknath-shinde-shiv-sena-bjp-cbi-wankhede-maharashtra-8620650/
Karnataka CM Siddaramaiah Assesses Damage Caused By Heavy Rains In Capital City,2023-05-21 19:35:13,"Karnataka Chief Minister Siddaramaiah on Sunday (21 May) assessed the damage caused by heavy rain in Bengaluru and expressed his condolences on the death of a 23-year-old woman who drowned in a waterlogged subway in the city's KR Circle area.
Heavy rain and hailstorms pounded the capital city, causing severe flooding in several areas.
Karnataka CM Siddaramaiah takes stock of the damage caused due to heavy rain in Bengaluru and expressed his condolences on the demise of a 23-year-old woman who died after drowning in the waterlogged underpass in KR Circle area of the city.
pic.twitter.com/4w5q4O542p — ANI (@ANI) May 21, 2023#WATCH | Karnataka: Heavy rain and hailstorm lashed Bengaluru city.
Since 2005, the India Meteorological Department (IMD) has been issuing operational forecasts for the date of monsoon onset over Kerala.",https://news.abplive.com/karnataka/karnataka-weather-update-roads-clogged-tress-uprooted-as-heavy-rain-and-hailstorm-lashes-bengaluru-city-1603838
UK Opposition Calls for Freeze of Indian Rice Tycoon's Donation to Conservative Party,2023-05-21 19:42:08,"London, May 21 (PTI) Britain's Opposition Labour Party is calling for a freeze on the money donated by an Indian rice tycoon to the governing Conservative Party while he is under investigation by the Enforcement Directorate (ED) in India on fraud and money laundering allegations.
He is believed to have donated around GBP 220,000 to the Conservatives through his British company Amira G. Foods since September 2019.
Also Read | PM Narendra Modi Receives Exemplary Welcome in Papua New Guinea As PM James Marape Touches His Feet (Watch Video).
Amira Nature Foods was listed on the New York stock exchange in October 2012, specialising in Indian basmati rice grown in the foothills of the Himalayas.
Its subsidiaries included Amira Pure Foods in India, now under investigation, and Amira G. Foods in the UK, according to corporate filings.",https://www.latestly.com/agency-news/world-news-uk-opposition-calls-for-freeze-of-indian-rice-tycoons-donation-to-conservative-party-5143772.html
Manipur: Security forces ensuring truck movement with essentials,,"Manipur: Security forces ensuring truck movement with essentialsVartha Bharati | 21-05-2023 | 16:44:00 ISTPC: PTIImphal (PTI): Trucks carrying essential commodities to violence-hit Manipur are plying with special security cover to ensure that there is no shortage of goods in the Northeastern state, a defence spokesperson said on Sunday.
The Army and Assam Rifles along with the state government, Manipur Police and central armed police forces are working to provide protection to vehicles carrying such goods to and from Imphal via NH 37, the defence spokesperson said.
To guarantee dedicated security, vehicles are also accompanied by Quick Reaction Teams of the Manipur Police and CRPF, he added.
Movement of trucks on NH 37 commenced on May 15 and security forces remain committed to restoring complete normalcy, the spokesperson said.
If you read VB and like VB, please be a VB Supporter and Help us deliver the Truth to one and all.",https://english.varthabharati.in/india/manipur-security-forces-ensuring-truck-movement-with-essentials
Transworld Holdings plans voluntary delisting of Shreyas Shipping,2023-05-21 14:01:23,"Transworld Holdings plans to voluntarily delist equity shares of its Indian subsidiary, Shreyas Shipping & Logistics, through a reverse book-building process.
The delisting price will be determined through the reverse book-building mechanism in the Delisting Regulations.
Public shareholders of SSL will get an opportunity to realise immediate and certain value for their equity shares, said the company.
Transworld Holdings along with its affiliates hold 1,54,66,650 equity shares aggregating to 70.44 per cent of the paid-up equity share capital of SSL.
Transworld Holdings has to buy back at least 90 per cent of SSL’s total equity shares to delist from the exchange.",https://www.thehindubusinessline.com/markets/stock-markets/transworld-holdings-plans-voluntary-delisting-of-shreyas-shipping/article66877813.ece
"Rahul Gandhi Defamation, Maharashtra and GNCTD Judgments, Adani and More: An Interview with Dr Abhishek Manu Singhvi",2023-05-21 19:10:00,"Eminent jurist, Rajya Sabha member and senior Indian National Congress leader, Dr Abhishek Manu Singhvi wears many hats.
The guidelines were to only be prospective, even though the trigger was the skewed application of law in the past.
Q: What do you make of Rahul Gandhi’s conviction for defamation and disqualification from the Lok Sabha?
The fact of the matter is that the complainant files a case of defamation and goes to sleep for two years.
If you want to promote Indian languages, Indian culture and Indian civilisation, I think you should jolly well do that by including new things in the curriculum.",https://www.newsclick.in/rahul-gandhi-defamation-maharashtra-and-gnctd-judgments-adani-and-more-interview-dr-abhishek-manu
"Bengaluru: Heavy rains, hailstorm leaves 1 dead, roads water logged, trees uprooted",2023-05-21 18:39:07,"Karnataka's capital city Bengaluru was lashed with extremely heavy rainfall on Sunday cause water logging in several streets and uprooted trees which fell on parked vehicles causing damage.
Several Twitter users also took to the micro-blogging site to share images of hail they collected during the heavy downpour.
Karnataka | Trees uprooted in several localities of Bengaluru after heavy rain lashed the city.
#WATCH | Karnataka: Severe water-logging witnessed in an underpass in KR circle area in Bengaluru after heavy rain lashed the city.
The frantic driver and passengers got themselves out of the sinking vehicle, but due to the heavy downpour, the water level started increasing.",https://www.livemint.com/news/india/bengaluru-lashed-by-heavy-rains-hailstorm-leaves-roads-water-logged-trees-uprooted-watch-11684673167658.html
"Upcoming Q4 results: LIC, ONGC, Nykaa, Vodafone Idea, Ashok Leyland among others to watch out this week",2023-05-21 17:39:09,"After losing for three straight days, the stock market made some gains and managed to close at a marginal level on Friday.
However, a lot will depend on the quarterly result of big firms like BPCL, Ashok Leyland, Hindalco, ONGC, Grasim and Zeel will affect the market sentiments this week.
They are Bharat Petroleum Corporation, Hindalco Industries, Grasim Industries, Sun Pharmaceutical Industries, Oil and Natural Gas Corporation, and Mahindra and Mahindra.
Other than these Aditya Birla Fashion and Retail Ltd, Arfin India Ltd, Borosil Ltd, Camlin Fine Sciences, Vodafone Idea, Nykaa, etc.
May 26: All eyes on Mahindra& Mahindra, Sun Pharma, and GrasimStock market investors will closely observe the company results of firms like ONGC, Mahindra & Mahindra, Grasim Industries, Sun Pharma, etc, on Friday.",https://www.livemint.com/market/stock-market-news/q4-results-this-week-lic-ongc-nykaa-vodafone-idea-ashok-leyland-sun-pharma-mahindra-grasim-zee-hindalco-shree-cement-11684668210293.html
"Scotia Capital Inc. Acquires 4,467 Shares of iShares MSCI India ETF (BATS:INDA)",2023-05-21 00:00:00,"Scotia Capital Inc.’s holdings in iShares MSCI India ETF were worth $486,000 as of its most recent filing with the SEC.
Get iShares MSCI India ETF alerts:iShares MSCI India ETF Stock PerformanceBATS:INDA opened at $40.88 on Friday.
iShares MSCI India ETF Company ProfileThe iShares MSCI India ETF (INDA) is an exchange-traded fund that is based on the MSCI India index, a market-cap-weighted index of the top 85% of firms in the Indian securities market.
Visit HoldingsChannel.com to get the latest 13F filings and insider trades for iShares MSCI India ETF (BATS:INDA – Get Rating).
Receive News & Ratings for iShares MSCI India ETF Daily - Enter your email address below to receive a concise daily summary of the latest news and analysts' ratings for iShares MSCI India ETF and related companies with MarketBeat.com's FREE daily email newsletter.",https://www.defenseworld.net/2023/05/21/scotia-capital-inc-acquires-4467-shares-of-ishares-msci-india-etf-batsinda.html
"RBI withdrew Rs 2,000 banknote from Circulation; Exchange/Deposit until September 30, 2023",,"On May 19, 2023, the Reserve Bank of India (RBI) notified the withdrawal of Rs 2000 denomination banknotes from circulation and directed banks to stop issuing this banknote with immediate effect.
Legal Tender Status will be continued:While the Rs 2000 banknotes will no longer be issued or circulated after September 30, 2023, they will still be considered legal tender after this too.
For transactions, the individuals can continue to use the Rs 2000 banknotes upto September 30, 2023, but are encouraged to exchange/deposit within the given time frame.
ii.Concluding Timeframe: Approximately 89% of the Rs 2000 banknotes were put into circulation before March 2017.
Additional info: The Magenta coloured Rs 2000 note was a part of the Mahatma Gandhi New Series of banknotes.",https://affairscloud.com/rbi-withdrew-rs-2000-banknote-from-circulation-exchange-deposit-until-september-30-2023/
Best Dividend Yield Shares In 2023 - Forbes India,,"What is record date?
What is the payment date?
Among other things, these include the dividend yield, which is the annual dividend amount expressed as a percentage of the stock's current market price.
It is the official announcement of the dividend amount, record date, and payment date.
The payment date is an important factor for investors to track when considering dividend income from their investments.",https://www.forbesindia.com/article/explainers/top-dividend-paying-stocks-india/85047/1
"Weekly Recap: SEBI probe in Adani, FII bullish on India, GAIL’s capex plan, results, and more",2023-05-21 11:30:00,"The thirty-share BSE Sensex opened at 62,157.10 points, up 130.01 points, while the fifty-share NSE Nifty 50 opened at 18,339.30 points, up 24.5 points.
The Sensex closed at 61,729.68 points, up 0.48% or 297.94 points, while the Nifty 50 settled at 18,203.40 points, up 0.41% or 73.45 points.
Adani group stocks remained in focus on Friday as the Supreme Court made the panel report public.
PVR-INOX plans to shut down around 50 cinema screens over next 6 monthsPVR INOX, a recently merged movie theatre operator, aims to close about 50 screens that are losing money and are depreciating quickly.
GAIL’s Capex PlanGail India plans to borrow up to ₹ 7,000 crore in FY24 to fund the 10,000 crore capital expenditure plan for this fiscal, according to a top company official.",https://tradebrains.in/features/weekly-recap-sebi-probe-in-adani-fii-bullish-on-india-gails-capex-plan-results-and-more/
"Stock market this week: Q4 results, US debt ceiling talks, other factors that could drive equities this week",2023-05-21 15:40:05,"After a roller-coaster week, stock market indices managed to close at a decent level after a marginal rebound on Friday.
Q4 results of major firms, foreign funding, Us debt ceiling negotiations, FOMC minutes, and other global cues guide the market movement in the coming week.
Also Read: Large cap speciality chemical stock fixes record date for 350% dividend, LIC held 1.40% stake in Q4The stock market witnessed a consecutive three-day loss of wealth last week.
Mainly because of the scheduled expiry of May month derivatives contracts, global market performance, and FII flow in the economy.
Quarterly results this weekThe last phase of quarterly earnings season has a lot to offer to market investors.",https://www.livemint.com/market/stock-market-news/markets-this-week-quarterly-earnings-us-debt-ceiling-talks-expiry-of-may-derivatives-contracts-fomc-minutes-us-fed-11684659907136.html
Suspicious trading by 6 entities in Adani shares before Hindenburg report: SC panel,2023-05-21 10:02:30,"Panel finds build-up of short positions in Adani scrips by six entities right before Hindenburg report, and substantial profits earned by them after the stocks crashedSix entities, including four foreign portfolio investors (FPIs), are under lens for suspicious trading in Adani Group shares just before the damning Hindenburg report was released, the Supreme Court-appointed expert committee has said.
Investors who sell short believe the stock price will decrease in value.
The shares of Adani Group, which denied all allegations, nosedived after the Hindenburg report was published.
“While there was no adverse observation with respect to Adani scrips in the cash segment, suspicious trading has been observed on the part of six entities.
Suspicious trading pattern“The trading pattern here is suspicious because of the build-up of short positions by these entities in the Adani scrips prior to the Hindenburg report, and substantial profits earned by them by squaring off their short positions after publication of the Hindenburg report on January 24, 2023,” the expert committee said.",https://thefederal.com/business/suspicious-trading-by-6-entities-in-adani-shares-before-hindenburg-report-sc-panel/
Challenge to fight powers inciting social & communal divide; Karnataka results show situation changing: Pawar,,"Challenge to fight powers inciting social & communal divide; Karnataka results show situation changing: PawarA A APTI, May 21, 2023, 3:19 PM ISTNationalist Congress party (NCP) president Sharad Pawar on Sunday said the challenge before everyone is to fight powers that are deliberately inciting social and communal divide in the country.
The results of the recently held Assembly elections in Karnataka show the situation is gradually changing, Pawar said at an event in Maharashtra’s Ahmednagar district.
If the working class remains strong and united, what was seen in the Karnataka Assembly polls can be replicated elsewhere in the country as well, he said.
The Karnataka Assembly poll results show the situation is gradually changing, Pawar said.
If the working class remains strong and united, what was seen in the Karnataka Assembly elections can be replicated elsewhere in the country as well, Pawar said.",https://www.udayavani.com/english-news/challenge-to-fight-powers-inciting-social-karnataka-results-show-situation-changing-pawar
"FPI Inflow: Foreign investors made bumper investments in the Indian stock market, this sector remained favorite",2023-05-21 15:07:25,"BusinessFPI Inflow FPI is in a bullish mood regarding the Indian stock market.
Foreign investors have invested over Rs 30,000 crore so far in May due to positive trends in the Indian stock market.
Due to the strong investment in May, the figure of investment by foreign portfolio investors in 2023 has turned positive.
Earlier, Rs 11,630 crore was invested by FPI in April and Rs 7,936 crore in March.
At the same time, in January and February, FPI had withdrawn Rs 34,000 crore from the market.",https://www.sangritoday.com/fpi-inflow-foreign-investors-made-bumper-investments-in-the-indian-stock-market-this-sector-remained-favorite
Commonwealth Equity Services LLC Raises Stake in iShares MSCI India Small-Cap ETF (BATS:SMIN),2023-05-21 00:00:00,"Commonwealth Equity Services LLC’s holdings in iShares MSCI India Small-Cap ETF were worth $1,191,000 at the end of the most recent reporting period.
Get iShares MSCI India Small-Cap ETF alerts:iShares MSCI India Small-Cap ETF Stock PerformanceShares of BATS SMIN opened at $53.00 on Friday.
iShares MSCI India Small-Cap ETF has a 1 year low of $40.25 and a 1 year high of $55.12.
Visit HoldingsChannel.com to get the latest 13F filings and insider trades for iShares MSCI India Small-Cap ETF (BATS:SMIN – Get Rating).
Receive News & Ratings for iShares MSCI India Small-Cap ETF Daily - Enter your email address below to receive a concise daily summary of the latest news and analysts' ratings for iShares MSCI India Small-Cap ETF and related companies with MarketBeat.com's FREE daily email newsletter.",https://www.defenseworld.net/2023/05/21/commonwealth-equity-services-llc-raises-stake-in-ishares-msci-india-small-cap-etf-batssmin.html
"Envestnet Asset Management Inc. Sells 15,529 Shares of iShares MSCI India ETF (BATS:INDA)",2023-05-21 00:00:00,"Envestnet Asset Management Inc.’s holdings in iShares MSCI India ETF were worth $1,823,000 at the end of the most recent quarter.
Get iShares MSCI India ETF alerts:iShares MSCI India ETF Stock PerformanceINDA opened at $40.88 on Friday.
iShares MSCI India ETF has a 52-week low of $30.57 and a 52-week high of $38.21.
iShares MSCI India ETF ProfileThe iShares MSCI India ETF (INDA) is an exchange-traded fund that is based on the MSCI India index, a market-cap-weighted index of the top 85% of firms in the Indian securities market.
Featured StoriesReceive News & Ratings for iShares MSCI India ETF Daily - Enter your email address below to receive a concise daily summary of the latest news and analysts' ratings for iShares MSCI India ETF and related companies with MarketBeat.com's FREE daily email newsletter.",https://www.defenseworld.net/2023/05/21/envestnet-asset-management-inc-sells-15529-shares-of-ishares-msci-india-etf-batsinda.html
UK Conservative Party faces calls to freeze money donated by Indian rice tycoon Karan Chanana » Yes Punjab,2023-05-21 08:10:17,"- Advertisement -New Delhi, May 21, 2023- The UK Conservative Party is facing calls this weekend to freeze the money donated by Indian rice tycoon Karan Chanana, pending an inquiry, a media report said.
“It was also known that Karan Chanana had donated to a political party of [the] United Kingdom since 2019 ….
Its subsidiaries included Amira Pure Foods in India, now under investigation, and Amira G Foods in the UK, according to corporate filings.
Amira G Foods, controlled by Chanana, donated 222,104 Pounds to the Conservative party between September 2019 and December 2021.
Amira Pure Foods in India is now under liquidation, The Guardian reported.",https://yespunjab.com/uk-conservative-party-faces-calls-to-freeze-money-donated-by-indian-rice-tycoon-karan-chanana/
"Large cap speciality chemical stock fixes record date for 350% dividend, LIC held 1.40% stake in Q4",2023-05-21 13:37:04,"Navin Fluorine International is a large cap commodity chemical company that recorded a market cap of ₹22,617.47 Cr during Friday's closing session.
Navin Fluorine International Ltd (NFIL) is a prominent and well-known Indian manufacturer of speciality fluorochemicals.
In order to determine the eligibility of the shareholders for the purpose of 350% dividend, the company has announced record date.
On Friday, the shares of Navin Fluorine International closed on the NSE at ₹4,535.60 apiece down by 1.82% from the previous close of ₹4,619.90.
As per the shareholding pattern of Navin Fluorine International for January to March 2023 quarter, insurance giant LIC held 6,94,859 fully paid up equity shares or 1.40% stake in the company.",https://www.livemint.com/market/stock-market-news/large-cap-speciality-chemical-stock-fixes-record-date-for-350-dividend-lic-held-1-40-stake-in-q4-11684656223551.html
Three Of The Four Listed Aviation Stocks Struggling For A Lift-Off,,"Legal Disclaimer:MENAFN provides the information “as is” without warranty of any kind.
We do not accept any responsibility or liability for the accuracy, content, images, videos, licenses, completeness, legality, or reliability of the information contained in this article.
If you have any complaints or copyright issues related to this article, kindly contact the provider above.",https://menafn.com/1106282432/Three-Of-The-Four-Listed-Aviation-Stocks-Struggling-For-A-Lift-Off
India regulator proposes halving IPO listing time,,"MUMBAI - India’s market regulator proposed halving the time needed to list shares on the nation's stock exchanges from the closure of initial public offerings (IPOs) to three days.
The proposed reduction in timelines for listing and trading of shares would benefit issuers and investors, the Securities and Exchange Board of India (SEBI) said in a consultation paper on its website late on Saturday.
""Issuers will have faster access to the capital raised, thereby enhancing the ease of doing business, and the investors will have opportunity for having early credit and liquidity of their investments,"" SEBI said.
SEBI invited comments on the proposed change until June 3.
(Reporting by Jayshree P Upadhyay and M. Sriram; Editing by William Mallard)",https://www.zawya.com/en/world/indian-sub-continent/india-regulator-proposes-halving-ipo-listing-time-hgunn313
"Here's why India is withdrawing 2,000-rupee notes",,"The RBI said banknotes of this denomination will continue to be legal tender which implies a consumer can purchase goods by these banknotes.
However, it has said that its instructions on the INR 2,000 notes will be effective until that date.
The 2000-rupee notes were introduced in November 2016, after withdrawal of legal tender status of all INR 500 and 1,000 banknotes by the Narendra Modi-led government.
The demonetisation of INR 500 and 1,000 notes had rattled the banking system as Indians flocked bank branches and ATMs to get their notes exchanged to legal tender.
The printing of 2,000 denomination notes was stopped in 2018-19, and they are no longer commonly seen with the public — unlike the ubiquitous INR 500 and 1,000 in 2016.",https://www.geo.tv/latest/488534-heres-why-india-is-withdrawing-2000-rupee-notes
Asian shares end Thursday’s session with earnings,,"(MENAFN) Nearly every main Asian index ended Thursday with earnings, whereas the Indian Sensex index dropped marginally by 0.17 percent.
The Asia Dow, which contains blue-chip firms in the area, surged 1.27 percent to reach 3,443.78 points as of 1000GMT.
Tokyo's Nikkei 225 rose 1.6 percent to end standing at 30,573.93 points.
The Hang Seng, the main for blue-chip shares exchange on the Hong Kong trading, was higher by 0.85 percent to stand at 19,727.25 points.
In the meantime, India's Sensex index dropped 0.17 percent to finish standing at 61,458.83.",https://menafn.com/1106282325/Asian-shares-end-Thursdays-session-with-earnings
Penny Stocks: Stocks likely to be in focus tomorrow!,,"Penny Stocks: Stocks likely to be in focus tomorrow!
Nifty50 closed at 18,203.40, while both the mid-cap index and small-cap index performed negatively in the broader marketsPenny Stocks: Stocks likely to be in focus tomorrow!
Nifty50 closed at 18,203.40, while both the Mid-Cap index and Small-Cap index performed negatively in the broader markets.
The following Penny Stocks are likely to be in focus on Monday, 22nd May 2023:Hindustan Construction Company - Heavy buying interest was witnessed in the counter as the scrip surged 10.65 per cent, recording an intraday high of Rs 17.65 per share on NSE.
Micro-cap Marvel ProductDSIJ offers a product 'Micro Marvel' with recommendations for micro-cap stocks based on research and analysis to help subscribers make informed investment decisions.",https://www.dsij.in/dsijarticledetail/penny-stocks-stocks-likely-to-be-in-focus-tomorrow-30553
Top stock picks: 8 Stocks to BUY now for an upside of up to 51%,2023-05-21 07:00:00,"Jefferies has a buy rating on the stock with a target price of ₹ 760.00.
This translates to an upside of 32.17 percent as compared to its closing price of ₹ 575.65 apiece on Friday.
ICICI Securities has a buy call on the shares of the company with a price target of ₹ 3000.00.
This translates to an upside of 32.89 percent as compared to its closing price of ₹ 2,257.45 apiece on Friday.
This translates to an upside of 36.79 percent as compared to its closing price of ₹ 285.10 apiece on Friday.",https://tradebrains.in/features/top-stock-picks-8-stocks-to-buy-now-for-an-upside-of-up-to-51/
"Rs. 2000 Notes, No Need To Press The Panic Button - Indian PSU",2023-05-21 06:42:34,"A majority of the Rs 2,000 denomination notes were issued prior to March 2017 and are at the end of their estimated life span of 4-5 years.
Members of the public can continue to use Rs 2000 notes for their transactions and also receive them in payment.
Is there an operational limit on the amount of Rs 2,000 banknotes that can be exchanged?
Members of the public can exchange Rs 2,000 banknotes up to a limit of Rs 20,000 at a time.
An exchange of Rs 2,000 banknotes can be made through BCs up to a limit of Rs 4,000 per day for an account holder.",https://indianpsu.com/rs-2000-notes-no-need-to-press-the-panic-button/
"Adani probe will only produce heat, not light",2023-05-21 20:00:33,"It’s a suspicion the SEBI has investigated “for years before the Hindenburg report,” says the panel of experts.
Adani stocks rose after the report became public Friday.
In other words, even if Adani has violated the minimum 25 per cent public shareholding norm, the SEBI may never be able to prove it.
The SEBI has already asked Adani if investments by these foreign funds into his publicly traded companies have been funded by his group.
Minimum public shareholding was the most promising investigative lead among the three that the court had asked the SEBI to pursue.",https://www.deccanherald.com/business/business-news/adani-probe-will-only-produce-heat-not-light-1220775.html
